facility_name,licensee,facility_address,facility_city,facility_zip,county_name,facility_capacity,facility_status,license_first_date,closed_date,months_operated,facility_telephone_number,risk_score,google_maps_url,phone_clean
MOTHER LODE MOUNTAIN TOTS PRESCHOOL,MOTHER LODE MOUNTAIN TOTS PRESCHOOL LLC,23714 STATE HIGHWAY 88,PIONEER,95666,AMADOR,45,CLOSED,9/25/2023,1/31/2024,4.3,(209) 457-0995,5,https://www.google.com/maps/search/23714%20STATE%20HIGHWAY%2088%2C%20PIONEER%2C%20CA,2094570995
MOTHER LODE MOUNTAIN TOTS PRESCHOOL,MOTHER LODE MOUNTAIN TOTS PRESCHOOL LLC,23714 STATE HIGHWAY 88,PIONEER,95666,AMADOR,50,CLOSED,1/30/2024,3/19/2025,13.8,(209) 457-0995,5,https://www.google.com/maps/search/23714%20STATE%20HIGHWAY%2088%2C%20PIONEER%2C%20CA,2094570995
"NASCIMENTO, LACEY","NASCIMENTO, LACEY",Unavailable,MANTECA,95337,SAN JOAQUIN,14,CLOSED,7/31/2020,2/4/2022,18.4,(209) 481-5710,9,https://www.google.com/maps/search/Unavailable%2C%20MANTECA%2C%20CA,2094815710
"NASCIMENTO, LACEY","NASCIMENTO, LACEY",Unavailable,ESCALON,95320,SAN JOAQUIN,14,CLOSED,2/4/2022,2/14/2024,24.7,(209) 481-5710,6,https://www.google.com/maps/search/Unavailable%2C%20ESCALON%2C%20CA,2094815710
PLAY ADVENTURES INC,PLAY ADVENTURES INC,655 G ST,MERCED,95341,MERCED,24,CLOSED,10/23/2023,1/24/2025,15.3,(209) 600-3372,7,https://www.google.com/maps/search/655%20G%20ST%2C%20MERCED%2C%20CA,2096003372
PLAY ADVENTURES INC,PLAY ADVENTURES INC,655 G ST,MERCED,95341,MERCED,22,CLOSED,10/23/2023,1/24/2025,15.3,(209) 600-3372,7,https://www.google.com/maps/search/655%20G%20ST%2C%20MERCED%2C%20CA,2096003372
"SUKENIK, NAOMI FAMILY CHILD CARE","SUKENIK, NAOMI",Unavailable,MERCED,95340,MERCED,14,CLOSED,12/1/2020,1/4/2024,37.6,(209) 600-3372,6,https://www.google.com/maps/search/Unavailable%2C%20MERCED%2C%20CA,2096003372
KIDS' COMMUNITY CAMPUS,"MENDOZA, EUNICE G",2490 N WALNUT RD,TURLOCK,95382,STANISLAUS,64,CLOSED,11/17/2020,6/17/2024,43.6,(209) 620-8389,6,https://www.google.com/maps/search/2490%20N%20WALNUT%20RD%2C%20TURLOCK%2C%20CA,2096208389
KIDS' COMMUNITY CAMPUS,"MENDOZA, EUNICE G",2490 N WALNUT RD,TURLOCK,95382,STANISLAUS,24,CLOSED,11/17/2020,6/17/2024,43.6,(209) 620-8389,6,https://www.google.com/maps/search/2490%20N%20WALNUT%20RD%2C%20TURLOCK%2C%20CA,2096208389
KIDS' COMMUNITY CAMPUS,"MENDOZA, EUNICE G",2490 N WALNUT RD,TURLOCK,95382,STANISLAUS,32,CLOSED,11/17/2020,6/17/2024,43.6,(209) 620-8389,6,https://www.google.com/maps/search/2490%20N%20WALNUT%20RD%2C%20TURLOCK%2C%20CA,2096208389
WHERE THE WILD THINGS PLAY PRESCHOOL LLC,"DIXON, LORI",5112 BULLION ST,MARIPOSA,95338,MARIPOSA,28,CLOSED,8/6/2022,10/27/2023,14.9,(209) 742-9453,9,https://www.google.com/maps/search/5112%20BULLION%20ST%2C%20MARIPOSA%2C%20CA,2097429453
WHERE THE WILD THINGS PLAY PRESCHOOL LLC,"DIXON, LORI",5112 BULLION ST,MARIPOSA,95338,MARIPOSA,60,CLOSED,8/6/2022,11/26/2023,15.9,(209) 742-9453,9,https://www.google.com/maps/search/5112%20BULLION%20ST%2C%20MARIPOSA%2C%20CA,2097429453
ACADEMY OF CHILD DEVELOPMENT & AMORE,ACADEMY OF CHILD DEVELOPMENT & AMORE LLC,170 EAST FRENCH CAMP ROAD,FRENCH CAMP,95321,SAN JOAQUIN,12,LICENSED,2/18/2022,,,(209) 898-2958,5,https://www.google.com/maps/search/170%20EAST%20FRENCH%20CAMP%20ROAD%2C%20FRENCH%20CAMP%2C%20CA,2098982958
ACADEMY OF CHILD DEVELOPMENT & AMORE,ACADEMY OF CHILD DEVELOPMENT & AMORE LLC,170 EAST FRENCH CAMP ROAD,FRENCH CAMP,95231,SAN JOAQUIN,10,LICENSED,5/12/2021,,,(209) 898-2958,5,https://www.google.com/maps/search/170%20EAST%20FRENCH%20CAMP%20ROAD%2C%20FRENCH%20CAMP%2C%20CA,2098982958
ACADEMY OF CHILD DEVELOPMENT & AMORE,ACADEMY OF CHILD DEVELOPMENT & AMORE LLC,170 EAST FRENCH CAMP ROAD,FRENCH CAMP,95231,SAN JOAQUIN,40,LICENSED,5/12/2021,,,(209) 898-2958,5,https://www.google.com/maps/search/170%20EAST%20FRENCH%20CAMP%20ROAD%2C%20FRENCH%20CAMP%2C%20CA,2098982958
"CAMPUS II, INC, THE","CAMPUS II, INC, THE",6311 PACIFIC AVENUE,STOCKTON,95207,SAN JOAQUIN,20,CLOSED,1/11/2021,8/11/2023,31.4,(209) 951-5437,6,https://www.google.com/maps/search/6311%20PACIFIC%20AVENUE%2C%20STOCKTON%2C%20CA,2099515437
"CAMPUS II, INC, THE","CAMPUS II, INC, THE",6311 PACIFIC AVENUE,STOCKTON,95207,SAN JOAQUIN,30,CLOSED,1/11/2021,8/11/2023,31.4,(209) 951-5437,6,https://www.google.com/maps/search/6311%20PACIFIC%20AVENUE%2C%20STOCKTON%2C%20CA,2099515437
PRECIOUS MEMORIES CHILDCARE,PRECIOUS MEMORIES CHILDCARE LLC,6311 PACIFIC AVE,STOCKTON,95207,SAN JOAQUIN,30,CLOSED,8/11/2023,3/31/2025,19.9,(209) 951-5437,7,https://www.google.com/maps/search/6311%20PACIFIC%20AVE%2C%20STOCKTON%2C%20CA,2099515437
PRECIOUS MEMORIES CHILDCARE,PRECIOUS MEMORIES CHILDCARE LLC,6311 PACIFIC AVE,STOCKTON,95207,SAN JOAQUIN,20,CLOSED,8/11/2023,3/31/2025,19.9,(209) 951-5437,7,https://www.google.com/maps/search/6311%20PACIFIC%20AVE%2C%20STOCKTON%2C%20CA,2099515437
XU & CHEN FAMILY CHILD CARE,BING YAN XU & YING CHEN,Unavailable,ALAHAMBRA,91803,LOS ANGELES,14,CLOSED,6/24/2022,8/30/2023,14.4,(213) 267-2267,9,https://www.google.com/maps/search/Unavailable%2C%20ALAHAMBRA%2C%20CA,2132672267
XU & CHEN FAMILY CHILD CARE,BING YAN XU & JIAN SHENG CHEN,Unavailable,ALHAMBRA,91801,LOS ANGELES,14,CLOSED,7/3/2020,6/23/2022,24.0,(213) 267-2267,6,https://www.google.com/maps/search/Unavailable%2C%20ALHAMBRA%2C%20CA,2132672267
BRELLA PASADENA,BRELLA PASADENA LLC,475 S LAKE AVENUE,PASADENA,91101,LOS ANGELES,30,CLOSED,7/13/2023,7/19/2024,12.4,(213) 300-5962,7,https://www.google.com/maps/search/475%20S%20LAKE%20AVENUE%2C%20PASADENA%2C%20CA,2133005962
BRELLA PASADENA INFANTS,BRELLA PASADENA LLC,475 S LAKE AVENUE,PASADENA,91101,LOS ANGELES,64,CLOSED,7/14/2023,7/19/2024,12.4,(213) 300-5962,7,https://www.google.com/maps/search/475%20S%20LAKE%20AVENUE%2C%20PASADENA%2C%20CA,2133005962
BRIGHT HORIZONS LOS ANGELES HOPE STREET,BRIGHT HORIZONS CHIDREN'S CENTERS LLC,550 SOUTH HOPE STREET,LOS ANGELES,90071,LOS ANGELES,8,CLOSED,6/2/2006,11/12/2024,224.6,(213) 623-0072,5,https://www.google.com/maps/search/550%20SOUTH%20HOPE%20STREET%2C%20LOS%20ANGELES%2C%20CA,2136230072
BRIGHT HORIZONS LOS ANGELES HOPE STREET,BRIGHT HORIZONS CHILDREN'S CENTERS LLC,550 SOUTH HOPE STREET,LOS ANGELES,90071,LOS ANGELES,15,CLOSED,6/2/2006,11/12/2024,224.6,(213) 623-0072,5,https://www.google.com/maps/search/550%20SOUTH%20HOPE%20STREET%2C%20LOS%20ANGELES%2C%20CA,2136230072
BRIGHT HORIZONS LOS ANGELES HOPE STREET,BRIGHT HORIZONS CHILDREN'S CENTER LLC,550 SOUTH HOPE STREET,LOS ANGELES,90071,LOS ANGELES,12,CLOSED,6/2/2006,11/12/2024,224.6,(213) 623-0072,5,https://www.google.com/maps/search/550%20SOUTH%20HOPE%20STREET%2C%20LOS%20ANGELES%2C%20CA,2136230072
BRIGHT HORIZONS AT UNIVERSITY PARK USC,BRIGHT HORIZONS CHILDREN'S CENTER LLC,2715 UNIVERSITY AVE.,LOS ANGELES,90007,LOS ANGELES,96,CLOSED,,9/30/2021,,(213) 821-9571,5,https://www.google.com/maps/search/2715%20UNIVERSITY%20AVE.%2C%20LOS%20ANGELES%2C%20CA,2138219571
BRIGHT HORIZONS AT UNIVERSITY PARK USC,BRIGHT HORIZONS CHILDREN'S CENTERS LLC,2715 UNIVERSITY AVE.,LOS ANGELES,90007,LOS ANGELES,129,CLOSED,,9/30/2021,,(213) 821-9571,5,https://www.google.com/maps/search/2715%20UNIVERSITY%20AVE.%2C%20LOS%20ANGELES%2C%20CA,2138219571
CDCLA - TINY DOTS EARLY EDUCATION CENTER,CHILD DEVELOPMENT CONSORTIUM OF LOS ANGELES,100 S. MAIN STREET,LOS ANGELES,90012,LOS ANGELES,13,CLOSED,7/1/2005,8/31/2023,221.2,(213) 897-0049,5,https://www.google.com/maps/search/100%20S.%20MAIN%20STREET%2C%20LOS%20ANGELES%2C%20CA,2138970049
CDCLA - TINY DOTS EARLY EDUCATION CENTER,CHILD DEVELOPMENT CONSORTIUM OF LOS ANGELES,100 S. MAIN STREET,LOS ANGELES,90012,LOS ANGELES,60,CLOSED,7/1/2005,8/31/2023,221.2,(213) 897-0049,5,https://www.google.com/maps/search/100%20S.%20MAIN%20STREET%2C%20LOS%20ANGELES%2C%20CA,2138970049
FAIRVIEW CHRISTIAN ACADEMY & ENRICHMENT CENTER,HOOPER'S FAMILY DAYCARE AND LEARNING CENTER,1215 N MARBOROUGH AVE,INGLEWOOD,90302,LOS ANGELES,24,CLOSED,7/30/2020,8/30/2023,37.5,(213) 910-8858,7,https://www.google.com/maps/search/1215%20N%20MARBOROUGH%20AVE%2C%20INGLEWOOD%2C%20CA,2139108858
FAIRVIEW CHRISTIAN ACADEMY & ENRICHMENT CENTER,HOOPER'S FAMILY DAYCARE AND LEARNING CENTER,1215 N MARLBOROUGH AVE,INGLEWOOD,90302,LOS ANGELES,9,CLOSED,7/30/2020,8/30/2023,37.5,(213) 910-8858,7,https://www.google.com/maps/search/1215%20N%20MARLBOROUGH%20AVE%2C%20INGLEWOOD%2C%20CA,2139108858
FAIRVIEW CHRISTIAN ACADEMY & ENRICHMENT CENTER,HOOPER'S FAMILY DAYCARE AND LEARNING CENTET,1215 N MARLBOROUGH AVE,INGLEWOOD,90302,LOS ANGELES,14,CLOSED,7/30/2020,8/30/2023,37.5,(213) 910-8858,6,https://www.google.com/maps/search/1215%20N%20MARLBOROUGH%20AVE%2C%20INGLEWOOD%2C%20CA,2139108858
MICHELLE'S BACKYARD HAWTHORNE,MICHELLE'S BACKYARD LLC,13560 HAWTHORNE BLVD,HAWTHORNE,90250,LOS ANGELES,16,CLOSED,10/26/2023,11/1/2024,12.4,(310) 386-2373,7,https://www.google.com/maps/search/13560%20HAWTHORNE%20BLVD%2C%20HAWTHORNE%2C%20CA,3103862373
MICHELLE'S BACKYARD HAWTHORNE,MICHELLE'S BACKYARD LLC,13560 HAWTHORNE BLVD,HAWTHORNE,90250,LOS ANGELES,11,CLOSED,10/26/2023,11/1/2024,12.4,(310) 386-2373,7,https://www.google.com/maps/search/13560%20HAWTHORNE%20BLVD%2C%20HAWTHORNE%2C%20CA,3103862373
LE PORT LOMITA INFANT CENTER,STRATFORD SCHOOL (BARBARA GRAVES),2342 PACIFIC COAST HWY,LOMITA,90717,LOS ANGELES,17,CLOSED,5/20/2019,2/18/2021,21.3,(310) 530-5533,5,https://www.google.com/maps/search/2342%20PACIFIC%20COAST%20HWY%2C%20LOMITA%2C%20CA,3105305533
LE PORT LOMITA PRESCHOOL,STRATFORD SCHOOL (BARBARA GRAVES),2342 PACIFIC COAST HWY,LOMITA,90717,LOS ANGELES,90,CLOSED,5/20/2019,2/18/2021,21.3,(310) 530-5533,5,https://www.google.com/maps/search/2342%20PACIFIC%20COAST%20HWY%2C%20LOMITA%2C%20CA,3105305533
"LEARNING EXPERIENCE, THE",TLE AT TORRANCE LLC,21321 HAWTHRONE BLVD,TORRANCE,90503,LOS ANGELES,128,CLOSED,9/17/2020,8/5/2024,47.3,(310) 540-1730,6,https://www.google.com/maps/search/21321%20HAWTHRONE%20BLVD%2C%20TORRANCE%2C%20CA,3105401730
"LEARNING EXPERIENCE, THE",TLE AT TORRANCE LLC,21321 HAWTHORNE BLVD,TORRANCE,90503,LOS ANGELES,29,CLOSED,9/17/2020,8/5/2024,47.3,(310) 540-1730,6,https://www.google.com/maps/search/21321%20HAWTHORNE%20BLVD%2C%20TORRANCE%2C%20CA,3105401730
GOOD SPORTS PLUS LTD (DBA) ARC - GOOD SHEPHERD,GOOD SPORTS PLUS LTD,148 S LINDEN DRIVE,BEVERLY HILLS,90212,LOS ANGELES,18,CLOSED,1/31/2022,6/18/2022,4.6,(310) 641-4400,7,https://www.google.com/maps/search/148%20S%20LINDEN%20DRIVE%2C%20BEVERLY%20HILLS%2C%20CA,3106414400
GOOD SPORTS PLUS LTD (DBA) ARC - GOOD SHEPHERD,GOOD SPORTS PLUS LTD,148 S LINDEN DRIVE,BEVERLY HILLS,90212,LOS ANGELES,12,CLOSED,1/31/2022,6/15/2022,4.5,(310) 641-4400,7,https://www.google.com/maps/search/148%20S%20LINDEN%20DRIVE%2C%20BEVERLY%20HILLS%2C%20CA,3106414400
ROYAL LEARNING CENTER,ROYAL LEARNING CENTER INC,10206 S. DENKER AVENUE,LOS ANGELES,90047,LOS ANGELES,15,LICENSED,8/9/2021,,,(323) 242-8010,5,https://www.google.com/maps/search/10206%20S.%20DENKER%20AVENUE%2C%20LOS%20ANGELES%2C%20CA,3232428010
ROYAL LEARNING CENTER,ROYAL LEARNING CENTER INC,10206 S. DENKER AVENUE,LOS ANGELES,90047,LOS ANGELES,22,LICENSED,4/30/2021,,,(323) 242-8010,5,https://www.google.com/maps/search/10206%20S.%20DENKER%20AVENUE%2C%20LOS%20ANGELES%2C%20CA,3232428010
SJB - ANTONIO DEL BUONO CDC,SJB CHILD DEVELOPMENT CENTERS,245 FARRELL AVENUE,GILROY,95020,SANTA CLARA,44,CLOSED,1/2/2018,7/10/2023,67.2,(408) 414-2700,5,https://www.google.com/maps/search/245%20FARRELL%20AVENUE%2C%20GILROY%2C%20CA,4084142700
SJB - TOYON CHILD DEVELOPMENT CENTER,SJB CHILD DEVELOPMENT CENTERS,"995 BARD STREET, ROOM #27",SAN JOSE,95127,SANTA CLARA,24,CLOSED,3/9/2020,6/5/2023,39.4,(408) 414-2700,7,https://www.google.com/maps/search/995%20BARD%20STREET%2C%20ROOM%20%2327%2C%20SAN%20JOSE%2C%20CA,4084142700
SJB- GATEWAY CHILD DEVELOPMENT CENTER,SJB CHILD DEVELOPMENT CENTERS,7151 HANNA STREET,GILROY,95020,SANTA CLARA,36,CLOSED,7/6/2023,3/18/2024,8.5,(408) 414-2700,8,https://www.google.com/maps/search/7151%20HANNA%20STREET%2C%20GILROY%2C%20CA,4084142700
"BAI, YAPING","BAI, YAPING",Unavailable,SUNNYVALE,94086,SANTA CLARA,14,CLOSED,6/17/2021,9/21/2022,15.4,(408) 476-7600,9,https://www.google.com/maps/search/Unavailable%2C%20SUNNYVALE%2C%20CA,4084767600
"BAI, YAPING","BAI, YAPING",Unavailable,SUNNYVALE,94086,SANTA CLARA,14,CLOSED,9/21/2022,4/16/2024,19.1,(408) 476-7600,9,https://www.google.com/maps/search/Unavailable%2C%20SUNNYVALE%2C%20CA,4084767600
SUNNY CHILD CARE,"SUNNY CHILD CARE, INC",2586 SEABOARD AVENUE,SAN JOSE,95131,SANTA CLARA,96,LICENSED,8/25/2023,4/15/2025,20.0,(408) 599-4381,5,https://www.google.com/maps/search/2586%20SEABOARD%20AVENUE%2C%20SAN%20JOSE%2C%20CA,4085994381
SUNNY CHILD CARE,"SUNNY CHILD CARE, INC",2586 SEABOARD AVENUE,SAN JOSE,95131,SANTA CLARA,24,LICENSED,8/25/2023,4/15/2025,20.0,(408) 599-4381,5,https://www.google.com/maps/search/2586%20SEABOARD%20AVENUE%2C%20SAN%20JOSE%2C%20CA,4085994381
"ESMAIL, HALLA","ESMAIL, HALLA",Unavailable,ELK GROVE,95624,SACRAMENTO,12,CLOSED,10/19/2023,9/19/2024,11.2,(408) 606-1742,7,https://www.google.com/maps/search/Unavailable%2C%20ELK%20GROVE%2C%20CA,4086061742
"ESMAIL, HALLA",HALLA ESMAIL,Unavailable,ELK GROVE,95758,SACRAMENTO,14,CLOSED,9/18/2024,10/10/2024,0.7,(408) 606-1742,7,https://www.google.com/maps/search/Unavailable%2C%20ELK%20GROVE%2C%20CA,4086061742
NOAH'S ARK CHILDREN'S LEARNING CENTER,AUGUSTA ACADEMY LLC,560 HARRISON AVENUE,CAMPBELL,95008,SANTA CLARA,20,LICENSED,11/19/2021,,,(408) 691-3808,5,https://www.google.com/maps/search/560%20HARRISON%20AVENUE%2C%20CAMPBELL%2C%20CA,4086913808
NOAH'S ARK CHILDREN'S LEARNING CENTER,AUGUSTA ACADEMY LLC,560 HARRISON AVENUE,CAMPBELL,95008,SANTA CLARA,21,LICENSED,11/19/2021,,,(408) 691-3808,5,https://www.google.com/maps/search/560%20HARRISON%20AVENUE%2C%20CAMPBELL%2C%20CA,4086913808
"LEARN AND PLAY MONTESSORI SUNNYVALE, INC.","LEARN & PLAY MONTESSORI SV, INC DBA L & P M SCHOOL",1055 SUNNYVALE-SARATOGA ROAD,SUNNYVALE,94087,SANTA CLARA,231,CLOSED,12/28/2023,1/2/2025,12.4,(408) 735-8333,5,https://www.google.com/maps/search/1055%20SUNNYVALE-SARATOGA%20ROAD%2C%20SUNNYVALE%2C%20CA,4087358333
"LEARN AND PLAY MONTESSORI SUNNYVALE, INC.","LEARN & PLAY MONTESSORI SV, INC DBC L & P M SCHOOL",1055 SUNNYVALE-SARATOGA ROAD,SUNNYVALE,94087,SANTA CLARA,15,CLOSED,12/28/2023,1/2/2025,12.4,(408) 735-8333,5,https://www.google.com/maps/search/1055%20SUNNYVALE-SARATOGA%20ROAD%2C%20SUNNYVALE%2C%20CA,4087358333
BUILDING KIDZ OF SANTA CLARA,AB KIDS LLC,"1500 LOS PADRES BLVD,#110,#111",SANTA CLARA,95050,SANTA CLARA,12,CLOSED,5/23/2023,1/12/2025,20.0,(408) 758-8804,5,https://www.google.com/maps/search/1500%20LOS%20PADRES%20BLVD%2C%23110%2C%23111%2C%20SANTA%20CLARA%2C%20CA,4087588804
BUILDING KIDZ SANTA CLARA,AB KIDS LLC,"1500 LOS PADRES BLVD #110,#111",SANTA CLARA,95050,SANTA CLARA,66,CLOSED,5/23/2023,1/12/2025,20.0,(408) 758-8804,5,https://www.google.com/maps/search/1500%20LOS%20PADRES%20BLVD%20%23110%2C%23111%2C%20SANTA%20CLARA%2C%20CA,4087588804
KINDERCARE LEARNING CENTER,KINDERCARE LEARNING CENTERS LLC,605 EAST DUNNE AVENUE,MORGAN HILL,95037,SANTA CLARA,24,CLOSED,7/27/1997,8/16/2023,317.2,(408) 778-1237,5,https://www.google.com/maps/search/605%20EAST%20DUNNE%20AVENUE%2C%20MORGAN%20HILL%2C%20CA,4087781237
KINDERCARE LEARNING CENTER,KINDERCARE LEARNING CENTER,605 EAST DUNNE AVENUE,MORGAN HILL,95037,SANTA CLARA,150,CLOSED,,3/13/2025,,(408) 778-1237,5,https://www.google.com/maps/search/605%20EAST%20DUNNE%20AVENUE%2C%20MORGAN%20HILL%2C%20CA,4087781237
TINKER LEARNING CENTER,TINKER LEARNING ACADEMY LLC,17535 DEL MONTE AVENUE,MORGAN HILL,95037,SANTA CLARA,30,CLOSED,9/15/2022,1/24/2023,4.4,(408) 779-7678,10,https://www.google.com/maps/search/17535%20DEL%20MONTE%20AVENUE%2C%20MORGAN%20HILL%2C%20CA,4087797678
TINKER LEARNING CENTER,TINKER LEARNING ACADEMY LLC,17535 DEL MONTE AVENUE,MORGAN HILL,95037,SANTA CLARA,72,CLOSED,9/15/2022,6/4/2024,20.9,(408) 779-7678,10,https://www.google.com/maps/search/17535%20DEL%20MONTE%20AVENUE%2C%20MORGAN%20HILL%2C%20CA,4087797678
TINKER LEARNING CENTER,TINKER LEARNING ACADEMY LLC,17535 DEL MONTE AVENUE,MORGAN HILL,95037,SANTA CLARA,24,CLOSED,9/15/2022,6/4/2024,20.9,(408) 779-7678,10,https://www.google.com/maps/search/17535%20DEL%20MONTE%20AVENUE%2C%20MORGAN%20HILL%2C%20CA,4087797678
"LEARN & PLAY MONTESSORI MILPITAS, INC.","LEARN AND PLAY MONTESSORI MILPITAS, INC.",164 NORTH ABEL STREET,MILPITAS,95035,SANTA CLARA,200,CLOSED,9/20/2023,1/2/2025,15.7,(408) 809-0096,5,https://www.google.com/maps/search/164%20NORTH%20ABEL%20STREET%2C%20MILPITAS%2C%20CA,4088090096
"LEARN & PLAY MONTESSORI MILPITAS, INC.","LEARN AND PLAY MONTESSORI MILPITAS, INC.",164 NORTH ABEL STREET,MILPITAS,95035,SANTA CLARA,26,CLOSED,9/20/2023,1/2/2025,15.7,(408) 809-0096,5,https://www.google.com/maps/search/164%20NORTH%20ABEL%20STREET%2C%20MILPITAS%2C%20CA,4088090096
LIFECONNECTIONS CHILDREN'S LEARNING CENTER,BRIGHT HORIZONS CHILDREN'S CENTER LLC,800 BARBER LANE,MILPITAS,95035,SANTA CLARA,152,CLOSED,9/13/2000,6/2/2023,276.6,(408) 853-2196,5,https://www.google.com/maps/search/800%20BARBER%20LANE%2C%20MILPITAS%2C%20CA,4088532196
LIFECONNECTIONS CHILDREN'S LEARNING CENTER,BRIGHT HORIZONS CHILDREN'S CENTER LLC,800 BARBER LANE,MILPITAS,95035,SANTA CLARA,388,CLOSED,9/13/2000,6/2/2023,276.6,(408) 853-2196,5,https://www.google.com/maps/search/800%20BARBER%20LANE%2C%20MILPITAS%2C%20CA,4088532196
LIFECONNECTIONS CHILDREN'S LEARNING CENTER,BRIGHT HORIZONS CHILDREN'S CENTER LLC,800 BARBER LANE,MILPITAS,95035,SANTA CLARA,63,CLOSED,4/13/2006,6/2/2023,208.6,(408) 853-2196,5,https://www.google.com/maps/search/800%20BARBER%20LANE%2C%20MILPITAS%2C%20CA,4088532196
"CASTELLANOS, EMILCE FAMILY CHILD CARE","CASTELLANOS, EMILCE",Unavailable,LOS BANOS,93635,MERCED,14,CLOSED,2/5/2020,8/26/2022,31.1,(408) 858-7356,6,https://www.google.com/maps/search/Unavailable%2C%20LOS%20BANOS%2C%20CA,4088587356
"GONZALEZ, EMILCE NATALIA FAMILY CHILD CARE","GONZALEZ, EMILCE NATALIA",Unavailable,LOS BANOS,93635,MERCED,14,CLOSED,8/26/2022,8/24/2023,12.1,(408) 858-7356,9,https://www.google.com/maps/search/Unavailable%2C%20LOS%20BANOS%2C%20CA,4088587356
SJB-FOOTHILL CHILD DEVELOPMENT CENTER,SJB CHILD DEVELOPMENT CENTERS,230 PALA AVENUE,SAN JOSE,95127,SANTA CLARA,15,LICENSED,1/16/2020,,,(408) 928-5223,5,https://www.google.com/maps/search/230%20PALA%20AVENUE%2C%20SAN%20JOSE%2C%20CA,4089285223
SJB-FOOTHILL CHILD DEVELOPMENT CENTER,SJB CHILD DEVELOPMENT CENTERS,230 PALA AVENUE,SAN JOSE,95127,SANTA CLARA,25,LICENSED,1/16/2020,,,(408) 928-5223,5,https://www.google.com/maps/search/230%20PALA%20AVENUE%2C%20SAN%20JOSE%2C%20CA,4089285223
"WU, XIU LING","WU,XIU LING",Unavailable,SAN FRANCISCO,94116,SAN FRANCISCO,14,CLOSED,8/22/2022,7/3/2023,10.5,(415) 324-9002,9,https://www.google.com/maps/search/Unavailable%2C%20SAN%20FRANCISCO%2C%20CA,4153249002
"WU, XIU LING","WU, XIU LING",Unavailable,SAN FRANCISCO,94132,SAN FRANCISCO,14,CLOSED,12/8/2020,8/22/2022,20.7,(415) 324-9002,9,https://www.google.com/maps/search/Unavailable%2C%20SAN%20FRANCISCO%2C%20CA,4153249002
BRIGHT HORIZONS @ SECOND STREET - INFANT,"BRIGHT HORIZONS CHILDREN'S CENTERS, LLC","303 SECOND STREET,2ND FL.,#250",SAN FRANCISCO,94107,SAN FRANCISCO,38,CLOSED,6/30/2008,6/1/2024,193.8,(415) 495-2500,5,https://www.google.com/maps/search/303%20SECOND%20STREET%2C2ND%20FL.%2C%23250%2C%20SAN%20FRANCISCO%2C%20CA,4154952500
BRIGHT HORIZONS @ SECOND STREET - PRESCHOOL,"BRIGHT HORIZONS CHILDREN'S CENTERS, LLC","303 SECOND STREET,2ND FL. #25O",SAN FRANCISCO,94107,SAN FRANCISCO,79,CLOSED,6/30/2008,6/1/2024,193.8,(415) 495-2500,5,https://www.google.com/maps/search/303%20SECOND%20STREET%2C2ND%20FL.%20%2325O%2C%20SAN%20FRANCISCO%2C%20CA,4154952500
BRIGHT HORIZONS @ SECOND STREET - SCHOOL AGE,"BRIGHT HORIZONS CHILDREN'S CENTERS, LLC","303 2ND STREET, 2ND FLR. #250",SAN FRANCISCO,94107,SAN FRANCISCO,12,CLOSED,3/21/2012,6/1/2024,148.5,(415) 495-2500,5,https://www.google.com/maps/search/303%202ND%20STREET%2C%202ND%20FLR.%20%23250%2C%20SAN%20FRANCISCO%2C%20CA,4154952500
KIDS BY THE BAY - INFANT,"CHILDREN'S CREATIVE LEARNING CENTERS, LLC",90 SEVENTH STREET,SAN FRANCISCO,94103,SAN FRANCISCO,42,CLOSED,10/23/2007,5/15/2021,165.1,(415) 554-8100,5,https://www.google.com/maps/search/90%20SEVENTH%20STREET%2C%20SAN%20FRANCISCO%2C%20CA,4155548100
KIDS BY THE BAY - PRESCHOOL,"CHILDREN'S CREATIVE LEARNING CENTERS, LLC",90 SEVENTH STREET,SAN FRANCISCO,94103,SAN FRANCISCO,78,CLOSED,10/23/2007,5/15/2021,165.1,(415) 554-8100,5,https://www.google.com/maps/search/90%20SEVENTH%20STREET%2C%20SAN%20FRANCISCO%2C%20CA,4155548100
WAH MEI AT KIDS BY THE BAY-CIVIC CENTER(INF),WAH MEI SCHOOL,90 7TH STREET,SAN FRANCISCO,94103,SAN FRANCISCO,42,INACTIVE,6/2/2021,,,(415) 554-8100,6,https://www.google.com/maps/search/90%207TH%20STREET%2C%20SAN%20FRANCISCO%2C%20CA,4155548100
WAH MEI AT KIDS BY THE BAY-CIVIC CENTER(PS),WAH MEI SCHOOL,90 7TH STREET,SAN FRANCISCO,94103,SAN FRANCISCO,70,INACTIVE,4/26/2021,,,(415) 554-8100,6,https://www.google.com/maps/search/90%207TH%20STREET%2C%20SAN%20FRANCISCO%2C%20CA,4155548100
ALPHA KIDS ACADEMY LLC,ALPHA KIDS ACADEMY LLC,201 RAVENSWOOD AVENUE,MENLO PARK,94025,SAN MATEO,38,LICENSED,5/24/2021,,,(415) 664-8080,5,https://www.google.com/maps/search/201%20RAVENSWOOD%20AVENUE%2C%20MENLO%20PARK%2C%20CA,4156648080
ALPHA KIDS ACADEMY LLC-INFANT,ALPHA KIDS ACADEMY LLC,201 RAVENSWOOD AVENUE,MENLO PARK,94025,SAN MATEO,12,LICENSED,7/6/2022,,,(415) 664-8080,5,https://www.google.com/maps/search/201%20RAVENSWOOD%20AVENUE%2C%20MENLO%20PARK%2C%20CA,4156648080
SIDDIQUI FAMILY CHILD CARE,ASMA SIDDIQUI,Unavailable,LOMITA,90717,LOS ANGELES,14,CLOSED,8/31/2021,2/1/2023,17.3,(424) 376-8950,9,https://www.google.com/maps/search/Unavailable%2C%20LOMITA%2C%20CA,4243768950
SIDDIQUI FAMILY CHILD CARE,ASMA SIDDIQUI,Unavailable,LOMITA,90717,LOS ANGELES,14,CLOSED,10/15/2019,9/1/2021,22.9,(424) 376-8950,7,https://www.google.com/maps/search/Unavailable%2C%20LOMITA%2C%20CA,4243768950
"LIEN, SHUANG","LIEN, SHUANG",Unavailable,DUBLIN,94568,ALAMEDA,14,CLOSED,2/10/2022,8/18/2023,18.5,(510) 386-1921,9,https://www.google.com/maps/search/Unavailable%2C%20DUBLIN%2C%20CA,5103861921
"LIEN, SHUANG","LIEN, SHUANG",Unavailable,DUBLIN,94568,ALAMEDA,14,CLOSED,12/13/2023,10/21/2024,10.4,(510) 386-1921,7,https://www.google.com/maps/search/Unavailable%2C%20DUBLIN%2C%20CA,5103861921
"LIEN, SHUANG",SHUANG LIEN,Unavailable,DUBLIN,94568,ALAMEDA,14,CLOSED,10/21/2024,5/5/2025,6.5,(510) 386-1921,7,https://www.google.com/maps/search/Unavailable%2C%20DUBLIN%2C%20CA,5103861921
"HUANG, CUILING","HUANG, CUILING",Unavailable,ELK GROVE,95757,SACRAMENTO,14,CLOSED,9/23/2020,2/4/2021,4.5,(510) 417-6591,9,https://www.google.com/maps/search/Unavailable%2C%20ELK%20GROVE%2C%20CA,5104176591
"HUANG, CUILING",CUILING HUANG,Unavailable,ALAMEDA,94501,ALAMEDA,14,CLOSED,3/29/2021,6/7/2024,38.9,(510) 417-6591,6,https://www.google.com/maps/search/Unavailable%2C%20ALAMEDA%2C%20CA,5104176591
MOUNT VALLEY MONTESSORI INC.,MOUNT VALLEY MONTESSORI INC.,1481 MOWRY AVENUE,FREMONT,94538,ALAMEDA,120,CLOSED,3/1/2023,10/13/2023,7.5,(510) 491-7006,5,https://www.google.com/maps/search/1481%20MOWRY%20AVENUE%2C%20FREMONT%2C%20CA,5104917006
MOUNT VALLEY MONTESSORI INC.,MOUNT VALLEY MONTESSORI INC.,1481 MOWRY AVENUE,FREMONT,94538,ALAMEDA,15,CLOSED,3/1/2023,10/13/2023,7.5,(510) 491-7006,5,https://www.google.com/maps/search/1481%20MOWRY%20AVENUE%2C%20FREMONT%2C%20CA,5104917006
EMERYVILLE CHILD DEVELOPMENT CENTER,CITY OF EMERYVILLE,1070 - 41ST STREET,EMERYVILLE,94608,ALAMEDA,90,CLOSED,1/21/2020,6/12/2020,4.8,(510) 596-4367,7,https://www.google.com/maps/search/1070%20-%2041ST%20STREET%2C%20EMERYVILLE%2C%20CA,5105964367
EMERYVILLE CHILD DEVELOPMENT CENTER,CITY OF EMERYVILLE,1070 - 41ST STREET,EMERYVILLE,94608,ALAMEDA,28,CLOSED,1/21/2020,6/12/2020,4.8,(510) 596-4367,7,https://www.google.com/maps/search/1070%20-%2041ST%20STREET%2C%20EMERYVILLE%2C%20CA,5105964367
BELLA'S BABIES INC.,"BELLA'S BABIES, INC.",5909 CAMDEN STREET,OAKLAND,94605,ALAMEDA,17,CLOSED,6/30/2022,7/14/2023,12.6,(510) 809-7170,7,https://www.google.com/maps/search/5909%20CAMDEN%20STREET%2C%20OAKLAND%2C%20CA,5108097170
"BELLA'S BABIES, INC.","BELLA'S BABIES, INC.",5909 CAMDEN STREET,OAKLAND,94605,ALAMEDA,42,CLOSED,6/30/2022,7/14/2023,12.6,(510) 809-7170,7,https://www.google.com/maps/search/5909%20CAMDEN%20STREET%2C%20OAKLAND%2C%20CA,5108097170
YMCA OF THE EAST BAY - EM DOWNER CENTER,YMCA OF THE EAST BAY - EM DOWNER CENTER,263 S. 20TH STREET,RICHMOND,94804,CONTRA COSTA,30,CLOSED,8/7/2019,6/30/2020,10.9,(510) 848-9092,7,https://www.google.com/maps/search/263%20S.%2020TH%20STREET%2C%20RICHMOND%2C%20CA,5108489092
YMCA OF THE EAST BAY - EM DOWNER CENTER,YMCA OF THE EAST BAY - EM DOWNER CENTER,263 S. 20TH STREET,RICHMOND,94804,CONTRA COSTA,69,CLOSED,8/7/2019,6/30/2020,10.9,(510) 848-9092,7,https://www.google.com/maps/search/263%20S.%2020TH%20STREET%2C%20RICHMOND%2C%20CA,5108489092
YMCA OF THE EAST BAY-JOHN MUIR,YOUNG MEN'S CHRISTIAN ASSOCIATION OF THE EAST BAY,24823 SOTO ROAD,HAYWARD,94544,ALAMEDA,45,CLOSED,1/4/2022,11/21/2022,10.7,(510) 848-9092,9,https://www.google.com/maps/search/24823%20SOTO%20ROAD%2C%20HAYWARD%2C%20CA,5108489092
YMCA OF THE EAST BAY-JOHN MUIR,YOUNG MEN'S CHRISTIAN ASSOCIATION OF THE EAST BAY,24823 SOTO ROAD,HAYWARD,94544,ALAMEDA,32,CLOSED,1/4/2022,11/21/2022,10.7,(510) 848-9092,9,https://www.google.com/maps/search/24823%20SOTO%20ROAD%2C%20HAYWARD%2C%20CA,5108489092
"LEARN AND PLAY MONTESSORI CENTERVILLE, INC.","LEARN AND PLAY MONTESSORI CENTERVILLE, INC.",2550 PERALTA BOULEVARD,FREMONT,94536,ALAMEDA,260,CLOSED,1/24/2023,1/2/2025,23.6,(510) 870-4678,5,https://www.google.com/maps/search/2550%20PERALTA%20BOULEVARD%2C%20FREMONT%2C%20CA,5108704678
"LEARN AND PLAY MONTESSORI CENTERVILLE, INC.","LEARN AND PLAY MONTESSORI CENTERVILLE, INC.",2550 PERALTA BOULEVARD,FREMONT,94536,ALAMEDA,34,CLOSED,1/24/2023,1/2/2025,23.6,(510) 870-4678,5,https://www.google.com/maps/search/2550%20PERALTA%20BOULEVARD%2C%20FREMONT%2C%20CA,5108704678
BRIGHT START MONTESSORI PRESCHOOL,"DE ALWIS, SAMUDRA & DE ALWIS, NAUTIKA",1600 SOLANO AVENUE,ALBANY,94707,ALAMEDA,10,CLOSED,9/28/2022,4/6/2023,6.3,(510) 932-6435,7,https://www.google.com/maps/search/1600%20SOLANO%20AVENUE%2C%20ALBANY%2C%20CA,5109326435
BRIGHT START MONTESSORI PRESCHOOL,"DE ALWIS, SAMUDRA & DE ALWIS NAUTIKA",1600 SOLANO AVENUE,ALBANY,94707,ALAMEDA,30,CLOSED,6/16/2022,1/31/2023,7.6,(510) 932-6435,7,https://www.google.com/maps/search/1600%20SOLANO%20AVENUE%2C%20ALBANY%2C%20CA,5109326435
SWEET PEA ACADEMY,"S&R ENTERPRISES, INC.",3500 CHURN CREEK ROAD,REDDING,96002,SHASTA,4,CLOSED,8/12/2019,8/1/2020,11.8,(530) 221-6488,8,https://www.google.com/maps/search/3500%20CHURN%20CREEK%20ROAD%2C%20REDDING%2C%20CA,5302216488
SWEET PEA ACADEMY PRESCHOOL,"S&R ENTERPRISES, INC.",3500 CHURN CREEK ROAD,REDDING,96002,SHASTA,33,CLOSED,4/29/2019,8/1/2020,15.3,(530) 221-6488,8,https://www.google.com/maps/search/3500%20CHURN%20CREEK%20ROAD%2C%20REDDING%2C%20CA,5302216488
CHICO CHILD DEVELOPMENT CENTER,CHICO CHILD DEVELOPMENT CENTER,115 OAK STREET,CHICO,95928,BUTTE,6,CLOSED,5/13/2022,5/22/2024,24.7,(530) 228-0653,7,https://www.google.com/maps/search/115%20OAK%20STREET%2C%20CHICO%2C%20CA,5302280653
CHICO CHILD DEVELOPMENT CENTER,CHICO CHILD DEVELOPMENT CENTER,115 OAK STREET,CHICO,95928,BUTTE,20,LICENSED,5/13/2022,,,(530) 228-0653,5,https://www.google.com/maps/search/115%20OAK%20STREET%2C%20CHICO%2C%20CA,5302280653
"BENSON, ROBYN","BENSON, ROBYN",Unavailable,WINTERS,95694,YOLO,14,CLOSED,8/10/2020,4/19/2022,20.6,(530) 304-8490,9,https://www.google.com/maps/search/Unavailable%2C%20WINTERS%2C%20CA,5303048490
"BENSON, ROBYN","BENSON, ROBYN",Unavailable,WINTERS,95694,YOLO,14,CLOSED,4/19/2022,5/31/2024,25.8,(530) 304-8490,6,https://www.google.com/maps/search/Unavailable%2C%20WINTERS%2C%20CA,5303048490
LITTLE BUGS LEARNING CENTER,CHARIS YOUTH CENTER,714 WEST MAIN STREET,GRASS VALLEY,95945,NEVADA,24,CLOSED,4/27/2023,8/30/2024,16.4,(530) 477-9800,7,https://www.google.com/maps/search/714%20WEST%20MAIN%20STREET%2C%20GRASS%20VALLEY%2C%20CA,5304779800
LITTLE BUGS LEARNING CENTER,CHARIS YOUTH CENTER,714 WEST MAIN STREET,GRASS VALLEY,95945,NEVADA,16,CLOSED,4/27/2023,8/30/2024,16.4,(530) 477-9800,7,https://www.google.com/maps/search/714%20WEST%20MAIN%20STREET%2C%20GRASS%20VALLEY%2C%20CA,5304779800
"HAGERMAN, JAMIELYN FAMILY CHILD CARE HOME","HAGERMAN, JAMIELYN",Unavailable,REDDING,96003,SHASTA,14,CLOSED,9/22/2020,10/4/2021,12.6,(530) 515-5280,9,https://www.google.com/maps/search/Unavailable%2C%20REDDING%2C%20CA,5305155280
"HAGERMAN, JAMIELYN FAMILY CHILD CARE HOME","HAGERMAN, JAMIELYN",Unavailable,REDDING,96001,SHASTA,14,CLOSED,12/6/2019,9/22/2020,9.7,(530) 515-5280,7,https://www.google.com/maps/search/Unavailable%2C%20REDDING%2C%20CA,5305155280
CREATIVE CUBS PRESCHOOL AND DAYCARE,"PARKER, AMANDA","500 ORIENT STREET, SUITE 170",CHICO,95928,BUTTE,4,CLOSED,5/2/2022,11/27/2023,19.1,(530) 519-5499,9,https://www.google.com/maps/search/500%20ORIENT%20STREET%2C%20SUITE%20170%2C%20CHICO%2C%20CA,5305195499
CREATIVE CUBS PRESCHOOL AND DAYCARE,"PARKER, AMANDA","500 ORIENT, SUITE 180",CHICO,95928,BUTTE,48,CLOSED,7/28/2021,11/27/2023,28.4,(530) 519-5499,6,https://www.google.com/maps/search/500%20ORIENT%2C%20SUITE%20180%2C%20CHICO%2C%20CA,5305195499
CEDARWOOD CHILDREN'S CENTER,BUTTE COUNTY OFFICE OF EDUCATION,"13878 COMPTON DRIVE, ROOM #30",MAGALIA,95954,BUTTE,24,CLOSED,8/14/2023,8/8/2024,12.0,(530) 532-5643,7,https://www.google.com/maps/search/13878%20COMPTON%20DRIVE%2C%20ROOM%20%2330%2C%20MAGALIA%2C%20CA,5305325643
PARADISE RIDGE CHILDREN'S CENTER,BUTTE COUNTY OFFICE OF EDUCATION,6593 PENTZ ROAD,PARADISE,95969,BUTTE,21,CLOSED,9/9/2022,1/2/2025,28.2,(530) 532-5643,6,https://www.google.com/maps/search/6593%20PENTZ%20ROAD%2C%20PARADISE%2C%20CA,5305325643
HAVENSCOURT HIGHER LEARNING CHILDCARE CENTER,OROVILLE SOUTHSIDE COMMUNITY IMPROVEMENT ASSOCIATI,2959 LOWER WYANDOTTE RD,OROVILLE,95966,BUTTE,15,CLOSED,6/15/2023,12/17/2024,18.4,(530) 693-4305,7,https://www.google.com/maps/search/2959%20LOWER%20WYANDOTTE%20RD%2C%20OROVILLE%2C%20CA,5306934305
HAVENSCOURT HIGHER LEARNING CHILDCARE CENTER,OROVILLE SOUTHSIDE COMMUNITY IMPROVEMENT ASSOCIATI,2959 LOWER WYANDOTTE RD,OROVILLE,95966,BUTTE,65,CLOSED,6/15/2023,12/17/2024,18.4,(530) 693-4305,7,https://www.google.com/maps/search/2959%20LOWER%20WYANDOTTE%20RD%2C%20OROVILLE%2C%20CA,5306934305
HAVENSCOURT HIGHER LEARNING CHILDCARE CENTER,OROVILLE SOUTHSIDE COMMUNITY IMPROVEMENT ASSOCIATI,2959 LOWER WYANDOTTE RD,OROVILLE,95966,BUTTE,28,CLOSED,6/15/2023,12/17/2024,18.4,(530) 693-4305,7,https://www.google.com/maps/search/2959%20LOWER%20WYANDOTTE%20RD%2C%20OROVILLE%2C%20CA,5306934305
"CARBIN, KRIS FAMILY CHILD CARE HOME","CARBIN, KRIS",Unavailable,REDDING,96002,SHASTA,14,CLOSED,7/10/2020,1/3/2022,18.1,(530) 710-7508,9,https://www.google.com/maps/search/Unavailable%2C%20REDDING%2C%20CA,5307107508
"CARBIN, KRISTINA FAMILY CHILD CARE HOME","CARBIN, KRISTINA",Unavailable,REDDING,96002,SHASTA,14,CLOSED,7/17/2023,4/22/2024,9.3,(530) 710-7508,7,https://www.google.com/maps/search/Unavailable%2C%20REDDING%2C%20CA,5307107508
"MCKNIGHT, RACHAIEL",RACHAIEL MCKNIGHT,Unavailable,NEVADA CITY,95959,NEVADA,14,CLOSED,6/5/2023,4/19/2024,10.6,(530) 802-1798,7,https://www.google.com/maps/search/Unavailable%2C%20NEVADA%20CITY%2C%20CA,5308021798
"MCKNIGHT, RACHAIEL","MCKNIGHT, RACHAIEL",Unavailable,NEVADA CITY,95959,NEVADA,14,CLOSED,5/10/2021,6/5/2023,25.2,(530) 802-1798,6,https://www.google.com/maps/search/Unavailable%2C%20NEVADA%20CITY%2C%20CA,5308021798
STORYBOOK SCHOOLHOUSE INFANT,"BRIGHT FUTURES CHILDCARE CENTER, INC",794 E 3RD AVE,CHICO,95926,BUTTE,12,CLOSED,1/27/2023,4/8/2025,26.7,(530) 895-8793,5,https://www.google.com/maps/search/794%20E%203RD%20AVE%2C%20CHICO%2C%20CA,5308958793
STORYBOOK SCHOOLHOUSE: PRESCHOOL & DAYCARE,"BRIGHT FUTURES CHILDCARE CENTERS, INC.",794 E. 3RD AVE,CHICO,95926,BUTTE,51,CLOSED,9/27/2022,4/8/2025,30.8,(530) 895-8793,7,https://www.google.com/maps/search/794%20E.%203RD%20AVE%2C%20CHICO%2C%20CA,5308958793
STORYBOOK SCHOOLHOUSE: PRESCHOOL & DAYCARE,"BRIGHT FUTURES CHILDCARE CENTERS, INC.",794 E 3RD AVE,CHICO,95926,BUTTE,65,CLOSED,9/27/2022,4/8/2025,30.8,(530) 895-8793,7,https://www.google.com/maps/search/794%20E%203RD%20AVE%2C%20CHICO%2C%20CA,5308958793
YOUNG WORLD: CHILDREN'S LEARNING CENTER,"BREWER FAMILY ENTERPRISES, INC.",750 SIERRA AVE,CLOVIS,93612,FRESNO,28,CLOSED,10/15/2020,3/17/2024,41.6,(559) 298-7800,6,https://www.google.com/maps/search/750%20SIERRA%20AVE%2C%20CLOVIS%2C%20CA,5592987800
YOUNG WORLD: CHILDREN'S LEARNING CENTER,"BREWER FAMILY ENTERPRISES, INC.",750 SIERRA AVE,CLOVIS,93612,FRESNO,34,CLOSED,10/15/2020,3/17/2024,41.6,(559) 298-7800,6,https://www.google.com/maps/search/750%20SIERRA%20AVE%2C%20CLOVIS%2C%20CA,5592987800
"GARCIA, LYDIA FAMILY CHILD CARE","GARCIA, LYDIA",Unavailable,VISALIA,93291,TULARE,14,CLOSED,5/31/2022,11/7/2023,17.5,(559) 805-4704,9,https://www.google.com/maps/search/Unavailable%2C%20VISALIA%2C%20CA,5598054704
"GARCIA, LYDIA FAMILY CHILD CARE","GARCIA, LYDIA",Unavailable,VISALIA,93292,TULARE,14,CLOSED,10/2/2020,5/31/2022,20.2,(559) 805-4704,9,https://www.google.com/maps/search/Unavailable%2C%20VISALIA%2C%20CA,5598054704
RASHID FAMILY CHILD CARE,SHAMA RASHID,Unavailable,SAN PEDRO,90732,LOS ANGELES,14,CLOSED,4/26/2022,3/1/2023,10.3,(562) 337-4502,7,https://www.google.com/maps/search/Unavailable%2C%20SAN%20PEDRO%2C%20CA,5623374502
RASHID FAMILY CHILD CARE,SHAMA RASHID,Unavailable,SAN PEDRO,90732,LOS ANGELES,14,CLOSED,12/10/2018,10/1/2020,22.0,(562) 337-4502,5,https://www.google.com/maps/search/Unavailable%2C%20SAN%20PEDRO%2C%20CA,5623374502
COLUMBIA PLAZA EARLY CHILDHOOD EDUCATION CENTER,"PLAZA DE LA RAZA CHILD DEVELOPMENT SERVICES, INC.",12830 COLUMBIA WAY (CLARK),DOWNEY,90242,LOS ANGELES,84,CLOSED,7/1/2002,9/27/2023,258.6,(562) 803-6229,5,https://www.google.com/maps/search/12830%20COLUMBIA%20WAY%20%28CLARK%29%2C%20DOWNEY%2C%20CA,5628036229
COLUMBIA PLAZA EARLY CHILDHOOD EDUCATION CENTER,"PLAZA DE LA RAZA CHILD DEVELOPMENT SERVICES, INC,.",12830 COLUMBIA WAY (CLARK),DOWNEY,90242,LOS ANGELES,37,CLOSED,7/1/2002,9/27/2023,258.6,(562) 803-6229,5,https://www.google.com/maps/search/12830%20COLUMBIA%20WAY%20%28CLARK%29%2C%20DOWNEY%2C%20CA,5628036229
BRIGHT TIME CHILD CARE LEARNING CENTER,FUTURE CARE CHILD LEARNING CENTER,6504 E. SOUTH STREET,LAKEWOOD,90713,LOS ANGELES,19,CLOSED,12/18/1996,9/30/2022,313.9,(562) 867-8583,5,https://www.google.com/maps/search/6504%20E.%20SOUTH%20STREET%2C%20LAKEWOOD%2C%20CA,5628678583
BRIGHT TIME CHILD CARE LEARNING CENTER,FUTURE CARE CHILD LEARNING CENTER,6504 E. SOUTH STREET,LAKEWOOD,90713,LOS ANGELES,160,CLOSED,12/18/1996,9/30/2022,313.9,(562) 867-8583,5,https://www.google.com/maps/search/6504%20E.%20SOUTH%20STREET%2C%20LAKEWOOD%2C%20CA,5628678583
BRIGHT TIME CHILD CARE LEARNING CENTER,"FUTURE CARE CHILD LEARNING CENTER, INC",6504 E. SOUTH STREET,LAKEWOOD,90713,LOS ANGELES,15,CLOSED,6/19/2000,9/30/2022,271.3,(562) 867-8583,5,https://www.google.com/maps/search/6504%20E.%20SOUTH%20STREET%2C%20LAKEWOOD%2C%20CA,5628678583
CHILDREN'S LEARNING CENTER,CHILDREN'S LEARNING CENTER LLC,"5005 WILLOWS ROAD, SUITE 229",ALPINE,91901,SAN DIEGO,20,CLOSED,,7/7/2021,,(619) 213-9356,5,https://www.google.com/maps/search/5005%20WILLOWS%20ROAD%2C%20SUITE%20229%2C%20ALPINE%2C%20CA,6192139356
CHILDREN'S LEARNING INFANT CENTER,CHILDREN'S LEARNING CENTER LLC,"5005 WILLOWS ROAD, SUITE 229",ALPINE,91901,SAN DIEGO,10,CLOSED,,7/7/2021,,(619) 213-9356,5,https://www.google.com/maps/search/5005%20WILLOWS%20ROAD%2C%20SUITE%20229%2C%20ALPINE%2C%20CA,6192139356
MOUNTAIN VALLEY INFANT,WILWILLI FAMILY LLC,1832 ALPINE BOULEVARD,ALPINE,91901,SAN DIEGO,30,CLOSED,8/7/2019,2/11/2021,18.5,(619) 213-9547,5,https://www.google.com/maps/search/1832%20ALPINE%20BOULEVARD%2C%20ALPINE%2C%20CA,6192139547
MOUNTAIN VALLEY PRESCHOOL,WILWILLI FAMILY LLC,1832 ALPINE BOULEVARD,ALPINE,91901,SAN DIEGO,15,CLOSED,8/5/2019,2/11/2021,18.5,(619) 213-9547,5,https://www.google.com/maps/search/1832%20ALPINE%20BOULEVARD%2C%20ALPINE%2C%20CA,6192139547
KINDERLAND MONTESSORI - INFANT,"VALENCIA, CAROLINA & VANESSA",625 OTAY LAKES ROAD,CHULA VISTA,91913,SAN DIEGO,12,CLOSED,10/5/2020,4/1/2025,54.6,(619) 479-4007,6,https://www.google.com/maps/search/625%20OTAY%20LAKES%20ROAD%2C%20CHULA%20VISTA%2C%20CA,6194794007
KINDERLAND MONTESSORI - PRESCHOOL,"VALENCIA, CAROLINA & VANESSA",625 OTAY LAKES ROAD,CHULA VISTA,91913,SAN DIEGO,120,CLOSED,10/5/2020,4/1/2025,54.6,(619) 479-4007,6,https://www.google.com/maps/search/625%20OTAY%20LAKES%20ROAD%2C%20CHULA%20VISTA%2C%20CA,6194794007
KINDERLAND MONTESSORI - SCHOOL AGE,"VALENCIA, CAROLINA & VANESSA",625 OTAY LAKES ROAD,CHULA VISTA,91913,SAN DIEGO,48,CLOSED,10/5/2020,4/1/2025,54.6,(619) 479-4007,6,https://www.google.com/maps/search/625%20OTAY%20LAKES%20ROAD%2C%20CHULA%20VISTA%2C%20CA,6194794007
BARRY TED MOSKOWITZ CHILD CARE CENTER,"BRIGHT HORIZONS CHILDREN'S CENTERS, LLC.","880 FRONT STREET, SUITE 1295",SAN DIEGO,92101,SAN DIEGO,24,CLOSED,7/3/2018,9/15/2020,26.8,(619) 557-3431,5,https://www.google.com/maps/search/880%20FRONT%20STREET%2C%20SUITE%201295%2C%20SAN%20DIEGO%2C%20CA,6195573431
BARRY TED MOSKOWITZ CHILD CARE CENTER,"BRIGHT HORIZONS CHILDREN'S CENTERS, LLC.","880 FRONT STREET, SUITE 1295",SAN DIEGO,92101,SAN DIEGO,58,CLOSED,7/3/2018,9/15/2020,26.8,(619) 557-3431,5,https://www.google.com/maps/search/880%20FRONT%20STREET%2C%20SUITE%201295%2C%20SAN%20DIEGO%2C%20CA,6195573431
"LAGRONE WHITE, VERA FAMILY CHILD CARE","LAGRONE WHITE, VERA",Unavailable,SAN DIEGO,92114,SAN DIEGO,14,CLOSED,12/30/2022,10/1/2024,21.4,(619) 632-8117,9,https://www.google.com/maps/search/Unavailable%2C%20SAN%20DIEGO%2C%20CA,6196328117
"LAGRONE-WHITE, VERA FAMILY CHILD CARE","LAGRONE-WHITE, VERA",Unavailable,SAN DIEGO,92114,SAN DIEGO,14,CLOSED,8/18/2020,12/30/2022,28.8,(619) 632-8117,6,https://www.google.com/maps/search/Unavailable%2C%20SAN%20DIEGO%2C%20CA,6196328117
"ANDRAL, EDNER FAMILY CHILD CARE","ANDRAL, EDNER",Unavailable,SAN DIEGO,92105,SAN DIEGO,14,CLOSED,6/1/2022,12/7/2023,18.5,(619) 717-4099,9,https://www.google.com/maps/search/Unavailable%2C%20SAN%20DIEGO%2C%20CA,6197174099
"ANDRAL, EDNER FAMILY CHILD CARE","ANDRAL, EDNER",Unavailable,SAN DIEGO,92105,SAN DIEGO,14,CLOSED,12/7/2023,5/12/2025,17.4,(619) 717-4099,7,https://www.google.com/maps/search/Unavailable%2C%20SAN%20DIEGO%2C%20CA,6197174099
SOLID START ACADEMY,SOLID START ACADEMY LLC,8964 NORTH MAGNOLIA AVENUE,SANTEE,92071,SAN DIEGO,37,LICENSED,12/29/2022,,,(619) 850-1568,5,https://www.google.com/maps/search/8964%20NORTH%20MAGNOLIA%20AVENUE%2C%20SANTEE%2C%20CA,6198501568
SOLID START ACADEMY,SOLID START ACADEMY LLC,8964 NORTH MAGNOLIA AVENUE,SANTEE,92071,SAN DIEGO,9,LICENSED,12/29/2022,,,(619) 850-1568,5,https://www.google.com/maps/search/8964%20NORTH%20MAGNOLIA%20AVENUE%2C%20SANTEE%2C%20CA,6198501568
"GASTELUM, LAURA FAMILY CHILD CARE","GASTELUM, LAURA",Unavailable,SAN DIEGO,92154,SAN DIEGO,14,CLOSED,4/19/2023,11/13/2023,6.9,(619) 862-9166,7,https://www.google.com/maps/search/Unavailable%2C%20SAN%20DIEGO%2C%20CA,6198629166
"GASTELUM, LAURA FAMILY CHILD CARE","GASTELUM, LAURA",Unavailable,SAN DIEGO,92154,SAN DIEGO,14,CLOSED,2/24/2021,4/19/2023,26.1,(619) 862-9166,6,https://www.google.com/maps/search/Unavailable%2C%20SAN%20DIEGO%2C%20CA,6198629166
MEDINA LEARNING CENTER LLC,MEDINA LEARNING CENTER LLC,6066 1/2 UNIVERSITY AVENUE,SAN DIEGO,92115,SAN DIEGO,15,CLOSED,,11/18/2020,,(619) 906-4177,5,https://www.google.com/maps/search/6066%201/2%20UNIVERSITY%20AVENUE%2C%20SAN%20DIEGO%2C%20CA,6199064177
MEDINA LEARNING CENTER LLC,"MEDINA LEARNING CENTER, LLC.",6066 1/2 UNIVERSITY AVENUE,SAN DIEGO,92115,SAN DIEGO,15,LICENSED,11/15/2021,,,(619) 906-4177,5,https://www.google.com/maps/search/6066%201/2%20UNIVERSITY%20AVENUE%2C%20SAN%20DIEGO%2C%20CA,6199064177
"NOORI, SHAFIQA FAMILY CHILD CARE","NOORI, SHAFIQA",Unavailable,EL CAJON,92020,SAN DIEGO,14,CLOSED,11/16/2021,9/1/2023,21.8,(619) 966-8818,9,https://www.google.com/maps/search/Unavailable%2C%20EL%20CAJON%2C%20CA,6199668818
"NOORI, SHAFIQA FAMILY CHILD CARE","NOORI, SHAFIQA",Unavailable,EL CAJON,92020,SAN DIEGO,14,CLOSED,9/1/2023,7/11/2024,10.5,(619) 966-8818,7,https://www.google.com/maps/search/Unavailable%2C%20EL%20CAJON%2C%20CA,6199668818
HAPPY CAMPERS LEARNING CENTER,HAPPYCAMPERS LEARNING CENTER,14035 FRANCISQUITO,BALDWIN PARK,91706,LOS ANGELES,84,CLOSED,7/5/1995,8/17/2021,318.0,(626) 337-7254,5,https://www.google.com/maps/search/14035%20FRANCISQUITO%2C%20BALDWIN%20PARK%2C%20CA,6263377254
HAPPY CAMPERS LEARNING CENTER,HAPPY CAMPERS LEARNING CENTER,14035 FRANCISQUITO,BALDWIN PARK,91706,LOS ANGELES,24,CLOSED,8/30/1995,8/17/2021,316.1,(626) 337-7254,5,https://www.google.com/maps/search/14035%20FRANCISQUITO%2C%20BALDWIN%20PARK%2C%20CA,6263377254
HAPPYCAMPERS LEARNING CENTER,HAPPYCAMPERS LEARNING CENTER,14035 FRANCISQUITO,BALDWIN PARK,91706,LOS ANGELES,35,CLOSED,7/5/1995,8/17/2021,318.0,(626) 337-7254,5,https://www.google.com/maps/search/14035%20FRANCISQUITO%2C%20BALDWIN%20PARK%2C%20CA,6263377254
EVERGREEN MONTESSORI ACADEMY,AKO CORP,2038 EAST FOOTHILL BLVD,PASADENA,91107,LOS ANGELES,52,CLOSED,6/8/2023,7/29/2024,13.9,(626) 460-0468,7,https://www.google.com/maps/search/2038%20EAST%20FOOTHILL%20BLVD%2C%20PASADENA%2C%20CA,6264600468
"EVERGREEN MONTESSORI ACADEMY, LLC","EVERGREEN MONTESSORI ACADEMY, LLC",2038 E. FOOTHILL BLVD,PASADENA,91107,LOS ANGELES,52,CLOSED,5/26/2021,6/7/2023,24.7,(626) 460-0468,6,https://www.google.com/maps/search/2038%20E.%20FOOTHILL%20BLVD%2C%20PASADENA%2C%20CA,6264600468
"ATLANOVA, ALEXANDRA","ATLANOVA, ALEXANDRA",Unavailable,FOSTER CITY,94404,SAN MATEO,14,CLOSED,1/30/2024,4/16/2025,14.7,(646) 258-1158,7,https://www.google.com/maps/search/Unavailable%2C%20FOSTER%20CITY%2C%20CA,6462581158
"ZAGRAI, TATIANA & ATLANOVA, ALEXANDRA","ZAGRAI, TATIANA & ATLANOVA, ALEXANDRA",Unavailable,FOSTER CITY,94404,SAN MATEO,14,CLOSED,8/7/2020,1/30/2024,42.4,(646) 258-1158,6,https://www.google.com/maps/search/Unavailable%2C%20FOSTER%20CITY%2C%20CA,6462581158
"HUNG, HUI LIN","HUNG, HUI LIN",Unavailable,SAN MATEO,94403,SAN MATEO,14,CLOSED,6/24/2021,4/28/2023,22.4,(650) 208-1063,9,https://www.google.com/maps/search/Unavailable%2C%20SAN%20MATEO%2C%20CA,6502081063
"HUNG, HUI LIN","HUNG, HUI LIN",Unavailable,SAN MATEO,94403,SAN MATEO,14,CLOSED,4/28/2023,4/29/2024,12.2,(650) 208-1063,7,https://www.google.com/maps/search/Unavailable%2C%20SAN%20MATEO%2C%20CA,6502081063
"KUO, WAN YU","KUO, WAN YU",Unavailable,SAN MATEO,94401,SAN MATEO,14,CLOSED,3/28/2019,8/25/2020,17.2,(650) 380-8555,7,https://www.google.com/maps/search/Unavailable%2C%20SAN%20MATEO%2C%20CA,6503808555
"KUO, WAN YU","KUO, WAN YU",Unavailable,SAN MATEO,94403,SAN MATEO,14,CLOSED,8/25/2020,1/10/2025,53.3,(650) 380-8555,6,https://www.google.com/maps/search/Unavailable%2C%20SAN%20MATEO%2C%20CA,6503808555
RIGHT AT SCHOOL AT CRITTENDEN MIDDLE,"RIGHT AT SCHOOL, LLC.",1701 ROCK STREET,MOUNTAIN VIEW,94043,SANTA CLARA,120,CLOSED,8/14/2019,4/1/2021,19.9,(650) 407-0531,7,https://www.google.com/maps/search/1701%20ROCK%20STREET%2C%20MOUNTAIN%20VIEW%2C%20CA,6504070531
RIGHT AT SCHOOL AT EDITH LANDELS,"RIGHT AT SCHOOL, LLC.",115 W. DANA STREET,MOUNTAIN VIEW,94041,SANTA CLARA,113,CLOSED,8/8/2019,4/1/2021,20.1,(650) 407-0531,7,https://www.google.com/maps/search/115%20W.%20DANA%20STREET%2C%20MOUNTAIN%20VIEW%2C%20CA,6504070531
RIGHT AT SCHOOL AT EL CARMELO ELEMENTARY,"RIGHT AT SCHOOL, LLC",3024 BRYANT STREET,PALO ALTO,94306,SANTA CLARA,120,CLOSED,10/20/2020,4/1/2021,5.4,(650) 407-0531,9,https://www.google.com/maps/search/3024%20BRYANT%20STREET%2C%20PALO%20ALTO%2C%20CA,6504070531
RIGHT AT SCHOOL AT FAIRMEADOW ELEMENTARY,"RIGHT AT SCHOOL, LLC",500 E. MEADOW DRIVE,PALO ALTO,94306,SANTA CLARA,120,CLOSED,10/20/2020,4/1/2021,5.4,(650) 407-0531,9,https://www.google.com/maps/search/500%20E.%20MEADOW%20DRIVE%2C%20PALO%20ALTO%2C%20CA,6504070531
RIGHT AT SCHOOL AT FRANK HUFF,"RIGHT AT SCHOOL, LLC.",253 MARTENS AVENUE,MOUNTAIN VIEW,94040,SANTA CLARA,120,CLOSED,8/14/2019,4/1/2021,19.9,(650) 407-0531,7,https://www.google.com/maps/search/253%20MARTENS%20AVENUE%2C%20MOUNTAIN%20VIEW%2C%20CA,6504070531
RIGHT AT SCHOOL AT GABRIELA MISTRAL,"RIGHT AT SCHOOL, LLC",505 ESCULA AVENUE,MOUNTAIN VIEW,94041,SANTA CLARA,120,CLOSED,8/14/2019,4/1/2021,19.9,(650) 407-0531,7,https://www.google.com/maps/search/505%20ESCULA%20AVENUE%2C%20MOUNTAIN%20VIEW%2C%20CA,6504070531
RIGHT AT SCHOOL AT GRAHAM MIDDLE,"RIGHT AT SCHOOL, LLC.",1175 CASTRO STREET,MOUNTAIN VIEW,94040,SANTA CLARA,120,CLOSED,8/14/2019,4/1/2021,19.9,(650) 407-0531,7,https://www.google.com/maps/search/1175%20CASTRO%20STREET%2C%20MOUNTAIN%20VIEW%2C%20CA,6504070531
RIGHT AT SCHOOL AT JOSE VARGAS,"RIGHT AT SCHOOL, LLC.",220 N. WHISMAN ROAD,MOUNTAIN VIEW,94043,SANTA CLARA,120,CLOSED,9/9/2019,4/1/2021,19.0,(650) 407-0531,7,https://www.google.com/maps/search/220%20N.%20WHISMAN%20ROAD%2C%20MOUNTAIN%20VIEW%2C%20CA,6504070531
RIGHT AT SCHOOL AT MONTA LOMA,"RIGHT AT SCHOOL, LLC",460 THOMPSON AVENUE,MOUNTAIN VIEW,94043,SANTA CLARA,115,CLOSED,8/14/2019,4/1/2021,19.9,(650) 407-0531,7,https://www.google.com/maps/search/460%20THOMPSON%20AVENUE%2C%20MOUNTAIN%20VIEW%2C%20CA,6504070531
RIGHT AT SCHOOL AT STEVENSON,"RIGHT AT SCHOOL, LLC.",750 SAN PIERRE WAY,MOUNTAIN VIEW,94043,SANTA CLARA,120,CLOSED,8/14/2019,4/1/2021,19.9,(650) 407-0531,7,https://www.google.com/maps/search/750%20SAN%20PIERRE%20WAY%2C%20MOUNTAIN%20VIEW%2C%20CA,6504070531
RIGHT AT SCHOOL AT THEUERKAUF,"RIGHT AT SCHOOL, LLC",1625 SAN LUIS AVENUE,MOUNTAIN VIEW,94043,SANTA CLARA,105,CLOSED,8/14/2019,4/1/2021,19.9,(650) 407-0531,7,https://www.google.com/maps/search/1625%20SAN%20LUIS%20AVENUE%2C%20MOUNTAIN%20VIEW%2C%20CA,6504070531
BAMBINI & STERLING MONTESSORI,KAP ACHIEVERS LLC,1170 EAST JOINER PARKWAY,LINCOLN,95648,PLACER,12,CLOSED,12/6/2023,7/22/2024,7.6,(650) 430-2037,7,https://www.google.com/maps/search/1170%20EAST%20JOINER%20PARKWAY%2C%20LINCOLN%2C%20CA,6504302037
BAMBINI & STERLING MONTESSORI,KAP ACHIEVERS LLC,1170 EAST JOINER PARKWAY,LINCOLN,95648,PLACER,27,CLOSED,8/4/2023,7/22/2024,11.8,(650) 430-2037,7,https://www.google.com/maps/search/1170%20EAST%20JOINER%20PARKWAY%2C%20LINCOLN%2C%20CA,6504302037
BUILDING KIDZ OF REDWOOD CITY ROOSEVELT AVE.,BUILDING KIDZ FAMILY LLC,909 ROOSEVELT AVE.,REDWOOD CITY,94061,SAN MATEO,34,LICENSED,1/12/2021,,,(650) 482-2407,5,https://www.google.com/maps/search/909%20ROOSEVELT%20AVE.%2C%20REDWOOD%20CITY%2C%20CA,6504822407
BUILDING KIDZ OF REDWOOD CITY ROOSEVELT AVE.,"BUILDING KIDZ FAMILY, LLC",907 ROOSEVELT AVENUE,REDWOOD CITY,94061,SAN MATEO,106,LICENSED,1/12/2021,,,(650) 482-2407,5,https://www.google.com/maps/search/907%20ROOSEVELT%20AVENUE%2C%20REDWOOD%20CITY%2C%20CA,6504822407
CHALLENGE SCHOOL (PS) FC CAMPUS,CHALLENGE SCHOOL,1130 BALCLUTHA DRIVE,FOSTER CITY,94404,SAN MATEO,24,CLOSED,11/17/2023,4/18/2024,5.1,(650) 574-6878,7,https://www.google.com/maps/search/1130%20BALCLUTHA%20DRIVE%2C%20FOSTER%20CITY%2C%20CA,6505746878
CHALLENGE SCHOOL FC CAMPUS,CHALLENGE SCHOOL,1130 BALCLUTHA DRIVE,FOSTER CITY,94404,SAN MATEO,5,CLOSED,11/17/2023,4/18/2024,5.1,(650) 574-6878,7,https://www.google.com/maps/search/1130%20BALCLUTHA%20DRIVE%2C%20FOSTER%20CITY%2C%20CA,6505746878
HAPPY HALL SCHOOL,HAPPY HALL SCHOOL,817 MURCHISON DRIVE,MILLBRAE,94030,SAN MATEO,30,INACTIVE,11/1/2020,,,(650) 697-4760,6,https://www.google.com/maps/search/817%20MURCHISON%20DRIVE%2C%20MILLBRAE%2C%20CA,6506974760
HAPPY HALL SCHOOL,HAPPY HALL SCHOOL,817 MURCHISON DRIVE,MILLBRAE,94030,SAN MATEO,70,INACTIVE,11/1/2020,,,(650) 697-4760,6,https://www.google.com/maps/search/817%20MURCHISON%20DRIVE%2C%20MILLBRAE%2C%20CA,6506974760
STANFORD WEST CHILDREN'S CENTER,"BRIGHT HORIZONS CHILDREN'S CENTERS, LLC",625 CLARK WAY,PALO ALTO,94304,SANTA CLARA,90,LICENSED,8/6/2021,,,(650) 723-8700,5,https://www.google.com/maps/search/625%20CLARK%20WAY%2C%20PALO%20ALTO%2C%20CA,6507238700
STANFORD WEST CHILDREN'S CENTER,BRIGHT HORIZONS CHILDREN'S CENTERS LLC,625 CLARK WAY,PALO ALTO,94304,SANTA CLARA,24,LICENSED,8/6/2021,,,(650) 723-8700,5,https://www.google.com/maps/search/625%20CLARK%20WAY%2C%20PALO%20ALTO%2C%20CA,6507238700
UNIQUE 2THE PEAK CHILDREN'S ACADEMY,"MEZA, REBECCA",1309 SOUTH BROOKHURST STREET,ANAHEIM,92804,ORANGE,23,CLOSED,8/5/2021,12/23/2024,41.2,(657) 220-4206,6,https://www.google.com/maps/search/1309%20SOUTH%20BROOKHURST%20STREET%2C%20ANAHEIM%2C%20CA,6572204206
UNIQUE 2THE PEAK CHILDREN'S ACADEMY,"MEZA, REBECCA",1309 SOUTH BROOKHURST STREET,ANAHEIM,92804,ORANGE,18,CLOSED,8/5/2021,12/23/2024,41.2,(657) 220-4206,6,https://www.google.com/maps/search/1309%20SOUTH%20BROOKHURST%20STREET%2C%20ANAHEIM%2C%20CA,6572204206
WANNA PLAY PLAYCARE,K&M CORPORATION,"26837 BOUQUET CANYON RD,",SANTA CLARITA,91350,LOS ANGELES,7,CLOSED,5/7/2021,1/26/2024,33.1,(661) 501-2301,7,https://www.google.com/maps/search/26837%20BOUQUET%20CANYON%20RD%2C%2C%20SANTA%20CLARITA%2C%20CA,6615012301
WANNA PLAY PLAYCARE,K&M PLAY CORPORATION,26837 BOUQUET CANYON RD,SANTA CLARITA,91350,LOS ANGELES,7,CLOSED,5/7/2021,1/26/2024,33.1,(661) 501-2301,7,https://www.google.com/maps/search/26837%20BOUQUET%20CANYON%20RD%2C%20SANTA%20CLARITA%2C%20CA,6615012301
WANNA PLAY PLAYCARE,K & M CORPORATION,26837 BOUQUET CANYON,SANTA CLARITA,91350,LOS ANGELES,26,CLOSED,5/7/2021,1/26/2024,33.1,(661) 501-2301,7,https://www.google.com/maps/search/26837%20BOUQUET%20CANYON%2C%20SANTA%20CLARITA%2C%20CA,6615012301
PURE & SIMPLE ACADEMY & CHILD CARE CENTER,"AGUIRRE, SANDRA LONA & EDWARD ANTHONY",43301 DIVISION ST SUITE 101,LANCASTER,93535,LOS ANGELES,58,CLOSED,3/16/2020,5/9/2022,26.1,(661) 524-1042,6,https://www.google.com/maps/search/43301%20DIVISION%20ST%20SUITE%20101%2C%20LANCASTER%2C%20CA,6615241042
PURE & SIMPLE ACADEMY & CHILD CARE CENTER,"AGUIRRE, SANDRA LONA & EDWARD ANTHONY",43301 DIVISION ST SUITE 101,LANCASTER,93535,LOS ANGELES,97,CLOSED,3/15/2020,5/9/2022,26.2,(661) 524-1042,6,https://www.google.com/maps/search/43301%20DIVISION%20ST%20SUITE%20101%2C%20LANCASTER%2C%20CA,6615241042
PURE & SIMPLE ACADEMY & CHILD CARE CENTER,"AGUIRRE, SANDRA LONA & EDWARD ANTHONY",43301 DIVISION ST SUITE 101,LANCASTER,93535,LOS ANGELES,30,CLOSED,3/15/2020,5/9/2022,26.2,(661) 524-1042,6,https://www.google.com/maps/search/43301%20DIVISION%20ST%20SUITE%20101%2C%20LANCASTER%2C%20CA,6615241042
BRIGHT FUTURES PRESCHOOL,BRIGHT FUTURES PRESCHOOL LLC,608 KENTUCKY,BAKERSFIELD,93305,KERN,11,CLOSED,9/17/2020,8/31/2022,23.8,(661) 631-5555,10,https://www.google.com/maps/search/608%20KENTUCKY%2C%20BAKERSFIELD%2C%20CA,6616315555
BRIGHT FUTURES PRESCHOOL,BRIGHT FUTURES PRESCHOOL LLC,608 KENTUCKY,BAKERSFIELD,93305,KERN,9,CLOSED,9/17/2020,8/31/2022,23.8,(661) 631-5555,10,https://www.google.com/maps/search/608%20KENTUCKY%2C%20BAKERSFIELD%2C%20CA,6616315555
BRIGHT FUTURES PRESCHOOL,BRIGHT FUTURES PRESCHOOL LLC,608 KENTUCKY,BAKERSFIELD,93305,KERN,32,CLOSED,2/27/2013,8/31/2022,115.7,(661) 631-5555,5,https://www.google.com/maps/search/608%20KENTUCKY%2C%20BAKERSFIELD%2C%20CA,6616315555
AGAPE PLAYSKOOL,"AGAPE LEARNING CENTER, LLC",181 EAST TASMAN DRIVE #70,SAN JOSE,95134,SANTA CLARA,45,CLOSED,4/18/2022,5/13/2023,13.0,(669) 295-8697,8,https://www.google.com/maps/search/181%20EAST%20TASMAN%20DRIVE%20%2370%2C%20SAN%20JOSE%2C%20CA,6692958697
AGAPE PLAYSKOOL,"AGAPE LEARNING CENTER, LLC","3700 THOMAS ROAD, SUITE 107",SANTA CLARA,95054,SANTA CLARA,24,CLOSED,6/5/2023,9/30/2024,16.1,(669) 295-8697,6,https://www.google.com/maps/search/3700%20THOMAS%20ROAD%2C%20SUITE%20107%2C%20SANTA%20CLARA%2C%20CA,6692958697
TULIP KIDS,"TULIP KIDS, INC.",10181 FINCH AVENUE,CUPERTINO,95014,SANTA CLARA,15,CLOSED,3/1/2021,8/16/2024,42.1,(669) 377-5774,6,https://www.google.com/maps/search/10181%20FINCH%20AVENUE%2C%20CUPERTINO%2C%20CA,6693775774
TULIP KIDS,TULIP KIDS INC.,10181 FINCH AVENUE,CUPERTINO,95014,SANTA CLARA,67,CLOSED,2/18/2020,8/16/2024,54.7,(669) 377-5774,6,https://www.google.com/maps/search/10181%20FINCH%20AVENUE%2C%20CUPERTINO%2C%20CA,6693775774
LITTLE SUNSHINE LEARNING CENTER,"WHITESIDE, JULIETA",15 WOODLAND DRIVE,ST HELENA,94574,NAPA,12,CLOSED,12/28/2020,6/13/2022,17.7,(702) 786-2237,9,https://www.google.com/maps/search/15%20WOODLAND%20DRIVE%2C%20ST%20HELENA%2C%20CA,7027862237
LITTLE SUNSHINE LEARNING CENTER-INFANT,LITTLE SUNSHINE LEARNING CENTER LLC,15 WOODLAND ROAD,ST. HELENA,94574,NAPA,4,CLOSED,3/26/2021,7/13/2022,15.8,(702) 786-2237,10,https://www.google.com/maps/search/15%20WOODLAND%20ROAD%2C%20ST.%20HELENA%2C%20CA,7027862237
"WHITE, CHARLOTTE FAMILY CHILD CARE HOME","WHITE, CHARLOTTE",Unavailable,VACAVILLE,95688,SOLANO,14,CLOSED,5/31/2022,6/19/2023,12.8,(707) 290-6874,7,https://www.google.com/maps/search/Unavailable%2C%20VACAVILLE%2C%20CA,7072906874
"WHITE, CHARLOTTE FAMILY CHILD CARE HOME","WHITE, CHARLOTTE",Unavailable,DIXON,95620,SOLANO,14,CLOSED,6/19/2023,3/27/2025,21.6,(707) 290-6874,5,https://www.google.com/maps/search/Unavailable%2C%20DIXON%2C%20CA,7072906874
"WICHLAZ, HEATHER FCCH","WICHLAZ, HEATHER",Unavailable,LAKEPORT,95453,LAKE,14,CLOSED,4/24/2024,4/1/2025,11.4,(707) 349-8981,7,https://www.google.com/maps/search/Unavailable%2C%20LAKEPORT%2C%20CA,7073498981
"WICHLAZ, HEATHER FCCH",HEATHER WICHLAZ,Unavailable,KELSEVILLE,95451,LAKE,14,CLOSED,2/11/2022,4/24/2024,26.8,(707) 349-8981,6,https://www.google.com/maps/search/Unavailable%2C%20KELSEVILLE%2C%20CA,7073498981
REDWOOD DISCOVERY MUSEUM PRESCHOOL,REDWOOD DISCOVERY MUSEUM,"612 G STREET, SUITE 102",EUREKA,95501,HUMBOLDT,12,CLOSED,12/10/2020,12/20/2021,12.5,(707) 443-9694,7,https://www.google.com/maps/search/612%20G%20STREET%2C%20SUITE%20102%2C%20EUREKA%2C%20CA,7074439694
REDWOOD DISCOVERY MUSEUM SCHOOL-AGE,REDWOOD DISCOVERY MUSEUM,612 G STREET,EUREKA,95501,HUMBOLDT,15,CLOSED,12/10/2020,12/20/2021,12.5,(707) 443-9694,7,https://www.google.com/maps/search/612%20G%20STREET%2C%20EUREKA%2C%20CA,7074439694
"LEARNING EXPERIENCE-INFANT, THE","TLE AT ROHNERT PARK, LLC",6150 COMMERCE BLVD,ROHNERT PARK,94928,SONOMA,20,CLOSED,10/5/2020,5/1/2024,43.5,(707) 585-5990,6,https://www.google.com/maps/search/6150%20COMMERCE%20BLVD%2C%20ROHNERT%20PARK%2C%20CA,7075855990
"LEARNING EXPERIENCE-P/S, THE","TLE AT ROHNERT PARK, LLC",6150 COMMERCE BLVD,ROHNERT PARK,94928,SONOMA,144,CLOSED,10/5/2020,5/1/2024,43.5,(707) 585-5990,6,https://www.google.com/maps/search/6150%20COMMERCE%20BLVD%2C%20ROHNERT%20PARK%2C%20CA,7075855990
"LEARNING EXPERIENCE-S/A, THE","TLE AT ROHNERT PARK, LLC",6150 COMMERCE BLVD,ROHNERT PARK,94928,SONOMA,15,CLOSED,10/5/2020,10/27/2022,25.1,(707) 585-5990,6,https://www.google.com/maps/search/6150%20COMMERCE%20BLVD%2C%20ROHNERT%20PARK%2C%20CA,7075855990
YWCA STARS INFANT-GUERNEWOOD,YWCA OF SONOMA COUNTY,17130 HWY. 116,GUERNEVILLE,95446,SONOMA,10,CLOSED,7/1/2022,5/12/2023,10.5,(707) 604-7652,7,https://www.google.com/maps/search/17130%20HWY.%20116%2C%20GUERNEVILLE%2C%20CA,7076047652
YWCA STARS PRESCHOOL-GUERNEWOOD,YWCA OF SONOMA COUNTY,17120 HIGHWAY 116,GUERNEVILLE,95446,SONOMA,17,CLOSED,7/1/2022,5/12/2023,10.5,(707) 604-7652,7,https://www.google.com/maps/search/17120%20HIGHWAY%20116%2C%20GUERNEVILLE%2C%20CA,7076047652
CIRCLE OF FRIENDS CHILD DEVELOPMENT CENTER,"CIRCLE OF FRIENDS CHILD DEVELOPMENT CENTER, LLC",3045 ROCKVILLE ROAD,FAIRFIELD,94534,SOLANO,22,LICENSED,10/4/2021,,,(707) 639-9621,5,https://www.google.com/maps/search/3045%20ROCKVILLE%20ROAD%2C%20FAIRFIELD%2C%20CA,7076399621
CIRCLE OF FRIENDS CHILD DEVELOPMENT CENTER,"CIRCLE OF FRIENDS CHILD DEVELOPMENT CENTER, LLC",3045 ROCKVILLE ROAD,FAIRFIELD,94534,SOLANO,99,LICENSED,10/4/2021,,,(707) 639-9621,5,https://www.google.com/maps/search/3045%20ROCKVILLE%20ROAD%2C%20FAIRFIELD%2C%20CA,7076399621
"LEARNING TREE PRESCHOOL, THE","WILSON, DOUGLAS",3045 ROCKVILLE ROAD,FAIRFIELD,94534,SOLANO,90,CLOSED,12/11/2020,10/4/2021,9.9,(707) 639-9621,9,https://www.google.com/maps/search/3045%20ROCKVILLE%20ROAD%2C%20FAIRFIELD%2C%20CA,7076399621
"LEARNING TREE PRESCHOOL, THE","WILSON, DOUGLAS",3045 ROCKVILLE ROAD,FAIRFIELD,94534,SOLANO,30,CLOSED,12/11/2020,10/4/2021,9.9,(707) 639-9621,9,https://www.google.com/maps/search/3045%20ROCKVILLE%20ROAD%2C%20FAIRFIELD%2C%20CA,7076399621
"EL, SHELDON FCCH","EL, SHELDON",Unavailable,SANTA ROSA,95404,SONOMA,14,CLOSED,5/3/2021,8/14/2023,27.8,(707) 708-8676,6,https://www.google.com/maps/search/Unavailable%2C%20SANTA%20ROSA%2C%20CA,7077088676
MELBROOKS SCHOOL,SHELDON EL,3535 INDUSTRIAL DRIVE B4,SANTA ROSA,95403,SONOMA,30,CLOSED,3/17/2021,4/29/2022,13.6,(707) 708-8676,9,https://www.google.com/maps/search/3535%20INDUSTRIAL%20DRIVE%20B4%2C%20SANTA%20ROSA%2C%20CA,7077088676
YWCA PRESCHOOL-GUERNEVILLE,YWCA OF SONOMA COUNTY,14630 ARMSTRONG WOODS RD.,GUERNEVILLE,95446,SONOMA,24,CLOSED,7/1/2022,3/21/2025,33.1,(707) 869-8106,6,https://www.google.com/maps/search/14630%20ARMSTRONG%20WOODS%20RD.%2C%20GUERNEVILLE%2C%20CA,7078698106
YWCA STARS PRESCHOOL-MONTE RIO,YWCA OF SONOMA COUNTY,20700 FOOTHILL DRIVE,MONTE RIO,95462,SONOMA,15,CLOSED,7/1/2022,6/13/2024,23.8,(707) 869-8106,9,https://www.google.com/maps/search/20700%20FOOTHILL%20DRIVE%2C%20MONTE%20RIO%2C%20CA,7078698106
CLOVERDALE EAGLETS PRESCHOOL & DAYCARE CENTER-INF,"BOEHM, JEANETTE",530 NORTH CLOVERDALE BLVD,CLOVERDALE,95425,SONOMA,6,CLOSED,10/20/2020,10/1/2021,11.5,(707) 894-6037,9,https://www.google.com/maps/search/530%20NORTH%20CLOVERDALE%20BLVD%2C%20CLOVERDALE%2C%20CA,7078946037
CLOVERDALE EAGLETS PRESCHOOL & DAYCARE CENTER-S/A,"BOEHM, JEANETTE",530 NORTH CLOVERDALE BLVD,CLOVERDALE,95425,SONOMA,9,CLOSED,10/20/2020,10/2/2024,48.1,(707) 894-6037,6,https://www.google.com/maps/search/530%20NORTH%20CLOVERDALE%20BLVD%2C%20CLOVERDALE%2C%20CA,7078946037
KONOCTI USD CHILD DEVELOPMENT CENTER P/S,KONOCTI UNIFIED SCHOOL DISTRICT,9345 WINCHESTER STREET,LOWER LAKE,95457,LAKE,10,CLOSED,5/11/2023,8/4/2023,2.8,(707) 994-6475,7,https://www.google.com/maps/search/9345%20WINCHESTER%20STREET%2C%20LOWER%20LAKE%2C%20CA,7079946475
KONOCTI USD CHILD DEVELOPMENT CENTER-INFANT,KONOCTI UNIFIED SCHOOL DISTRICT,9345 WINCHESTER STREET,LOWER LAKE,95457,LAKE,8,CLOSED,5/11/2023,8/4/2023,2.8,(707) 994-6475,7,https://www.google.com/maps/search/9345%20WINCHESTER%20STREET%2C%20LOWER%20LAKE%2C%20CA,7079946475
CALIFORNIA,ORANGE COUNTY HEAD START,1080 NORTH CALIFORNIA STREET,ORANGE,92867,ORANGE,22,CLOSED,10/25/2019,9/11/2020,10.7,(714) 241-8920,7,https://www.google.com/maps/search/1080%20NORTH%20CALIFORNIA%20STREET%2C%20ORANGE%2C%20CA,7142418920
HANDY,ORANGE COUNTY HEAD START,860 NORTH HANDY STREET,ORANGE,92867,ORANGE,30,CLOSED,9/12/2019,9/11/2020,12.2,(714) 241-8920,7,https://www.google.com/maps/search/860%20NORTH%20HANDY%20STREET%2C%20ORANGE%2C%20CA,7142418920
TAFT,ORANGE COUNTY HEAD START,1829 NORTH CAMBRIDGE STREET,ORANGE,92865,ORANGE,30,CLOSED,10/25/2019,9/11/2020,10.7,(714) 241-8920,7,https://www.google.com/maps/search/1829%20NORTH%20CAMBRIDGE%20STREET%2C%20ORANGE%2C%20CA,7142418920
WEST ORANGE,ORANGE COUNTY HEAD START,243 SOUTH BUSH STREET,ORANGE,92868,ORANGE,30,CLOSED,10/1/2019,9/11/2020,11.5,(714) 241-8920,7,https://www.google.com/maps/search/243%20SOUTH%20BUSH%20STREET%2C%20ORANGE%2C%20CA,7142418920
SHEPHERD MONTESSORI LEARNING CENTER,SHEPHERD LEARNING CENTER,2261 N. ORANGE-OLIVE ROAD,ORANGE,92865,ORANGE,48,CLOSED,8/17/2005,11/16/2020,185.7,(714) 283-2857,5,https://www.google.com/maps/search/2261%20N.%20ORANGE-OLIVE%20ROAD%2C%20ORANGE%2C%20CA,7142832857
SHEPHERD MONTESSORI LEARNING CENTER,SHEPHERD LEARNING CENTER,2261 NORTH ORANGE-OLIVE ROAD,ORANGE,92865,ORANGE,12,CLOSED,10/15/2009,11/16/2020,135.0,(714) 283-2857,5,https://www.google.com/maps/search/2261%20NORTH%20ORANGE-OLIVE%20ROAD%2C%20ORANGE%2C%20CA,7142832857
GIVING TREE MONTESSORI,H & S GLOBAL EDUCATION GROUP INC.,6071 HOMEWOOD AVENUE,BUENA PARK,90621,ORANGE,33,CLOSED,4/17/2020,2/20/2025,59.0,(714) 336-2872,7,https://www.google.com/maps/search/6071%20HOMEWOOD%20AVENUE%2C%20BUENA%20PARK%2C%20CA,7143362872
GIVINGTREE MONTESSORI,H&S GLOBAL EDUCATION GROUP INC.,1911 NORTH EUCLID STREET,FULLERTON,92835,ORANGE,41,LICENSED,8/12/2022,,,(714) 336-2872,5,https://www.google.com/maps/search/1911%20NORTH%20EUCLID%20STREET%2C%20FULLERTON%2C%20CA,7143362872
LOWE FAMILY CHILD CARE,"LOWE, THERESA",Unavailable,MENIFEE,92584,RIVERSIDE,14,CLOSED,8/4/2021,5/24/2022,9.8,(714) 702-9038,7,https://www.google.com/maps/search/Unavailable%2C%20MENIFEE%2C%20CA,7147029038
LOWE FAMILY CHILD CARE,"LOWE, THERESA",Unavailable,HEMET,92545,RIVERSIDE,14,CLOSED,5/24/2022,1/1/2024,19.6,(714) 702-9038,7,https://www.google.com/maps/search/Unavailable%2C%20HEMET%2C%20CA,7147029038
BUENA PARK MONTESSORI ACADEMY,SUNLAND BUENA PARK MONTESSORI INC.,6221 LINCOLN AVENUE,BUENA PARK,90620,ORANGE,27,CLOSED,7/29/2021,11/19/2024,40.3,(714) 821-7800,6,https://www.google.com/maps/search/6221%20LINCOLN%20AVENUE%2C%20BUENA%20PARK%2C%20CA,7148217800
BUENA PARK MONTESSORI ACADEMY,SUNLAND BUENA PARK MONTESSORI INC.,6221 LINCOLN AVENUE,BUENA PARK,90620,ORANGE,78,CLOSED,7/29/2021,11/19/2024,40.3,(714) 821-7800,6,https://www.google.com/maps/search/6221%20LINCOLN%20AVENUE%2C%20BUENA%20PARK%2C%20CA,7148217800
"LEARNING CENTER FOR KIDS, THE","LEARNING CENTER 4 KIDS, INC., THE",6221 LINCOLN AVE.,BUENA PARK,90620,ORANGE,20,CLOSED,9/7/2017,12/22/2020,40.1,(714) 821-7800,5,https://www.google.com/maps/search/6221%20LINCOLN%20AVE.%2C%20BUENA%20PARK%2C%20CA,7148217800
"LEARNING CENTER FOR KIDS, THE","LEARNING CENTER 4 KIDS, INC., THE",6221 LINCOLN AVE.,BUENA PARK,90620,ORANGE,50,CLOSED,7/31/2017,12/22/2020,41.3,(714) 821-7800,5,https://www.google.com/maps/search/6221%20LINCOLN%20AVE.%2C%20BUENA%20PARK%2C%20CA,7148217800
"LEARNING CENTER FOR KIDS, THE","LEARNING CENTER 4 KIDS, INC., THE",6221 LINCOLN AVE.,BUENA PARK,90620,ORANGE,25,CLOSED,9/7/2017,12/22/2020,40.1,(714) 821-7800,5,https://www.google.com/maps/search/6221%20LINCOLN%20AVE.%2C%20BUENA%20PARK%2C%20CA,7148217800
GREAT ADVENTURES LEARNING CENTER INC.,GREAT ADVENTURES LEARNING CENTER INC.,7945 ALDRICH DRIVE,HUNTINGTON BEACH,92647,ORANGE,8,CLOSED,2/11/2020,10/13/2023,44.7,(714) 847-0844,7,https://www.google.com/maps/search/7945%20ALDRICH%20DRIVE%2C%20HUNTINGTON%20BEACH%2C%20CA,7148470844
"GREAT ADVENTURES LEARNING CENTER, INC.","GREAT ADVENTURES LEARNING CENTER, INC.",7945 ALDRICH DR.,HUNTINGTON BEACH,92647,ORANGE,44,CLOSED,3/30/2016,10/13/2023,91.8,(714) 847-0844,5,https://www.google.com/maps/search/7945%20ALDRICH%20DR.%2C%20HUNTINGTON%20BEACH%2C%20CA,7148470844
CATALYST KIDS-CERRITOS,CATALYST FAMILY INC.,3731 CERRITOS AVENUE,ANAHEIM,92804,ORANGE,35,CLOSED,11/18/2020,5/26/2023,30.6,(714) 949-5933,6,https://www.google.com/maps/search/3731%20CERRITOS%20AVENUE%2C%20ANAHEIM%2C%20CA,7149495933
CATALYST KIDS-CERRITOS,CATALYST FAMILY INC.,3731 CERRITOS AVENUE,ANAHEIM,92804,ORANGE,24,CLOSED,11/18/2020,7/17/2023,32.4,(714) 949-5933,6,https://www.google.com/maps/search/3731%20CERRITOS%20AVENUE%2C%20ANAHEIM%2C%20CA,7149495933
CATALYST KIDS-HOLDER,CATALYST FAMILY INC.,9550 HOLDER STREET,BUENA PARK,90620,ORANGE,35,CLOSED,11/18/2020,6/9/2023,31.1,(714) 949-5933,6,https://www.google.com/maps/search/9550%20HOLDER%20STREET%2C%20BUENA%20PARK%2C%20CA,7149495933
CATALYST KIDS-HOLDER,CATALYST FAMILY INC.,9550 HOLDER STREET,BUENA PARK,90620,ORANGE,24,CLOSED,11/23/2020,6/9/2023,30.9,(714) 949-5933,6,https://www.google.com/maps/search/9550%20HOLDER%20STREET%2C%20BUENA%20PARK%2C%20CA,7149495933
"LEARNING EXPERIENCE- P/S, THE",SAANVI & NAVNEET LLC,6150 COMMERCE BLVD.,ROHNERT PARK,94928,SONOMA,104,CLOSED,10/23/2018,10/5/2020,23.8,(732) 306-7458,5,https://www.google.com/maps/search/6150%20COMMERCE%20BLVD.%2C%20ROHNERT%20PARK%2C%20CA,7323067458
"LEARNING EXPERIENCE-INFANT CENTER, THE","SAANVI & NAVNEET, LLC",6150 COMMERCE BLVD.,ROHNERT PARK,94928,SONOMA,32,CLOSED,10/23/2018,10/5/2020,23.8,(732) 306-7458,5,https://www.google.com/maps/search/6150%20COMMERCE%20BLVD.%2C%20ROHNERT%20PARK%2C%20CA,7323067458
ENCINITAS SHINING STARS,"ELLINS, PAUL",511 ENCINITAS BOULEVARD #114,ENCINITAS,92024,SAN DIEGO,55,CLOSED,5/4/2021,11/3/2022,18.3,(760) 436-5433,9,https://www.google.com/maps/search/511%20ENCINITAS%20BOULEVARD%20%23114%2C%20ENCINITAS%2C%20CA,7604365433
ENCINITAS SHINING STARS INFANT CENTER,"ELLINS, PAUL",511 ENCINITAS BOULEVARD #114,ENCINITAS,92024,SAN DIEGO,10,CLOSED,5/4/2021,11/3/2022,18.3,(760) 436-5433,9,https://www.google.com/maps/search/511%20ENCINITAS%20BOULEVARD%20%23114%2C%20ENCINITAS%2C%20CA,7604365433
THOMSEN LEARNING CENTER,"THOMSEN, PAMELA",217 EARLHAM STREET,RAMONA,92065,SAN DIEGO,59,CLOSED,7/16/2022,6/17/2024,23.4,(760) 440-0014,9,https://www.google.com/maps/search/217%20EARLHAM%20STREET%2C%20RAMONA%2C%20CA,7604400014
THOMSEN LEARNING CENTER,"THOMSEN, PAMELA",217 EARLHAM STREET,RAMONA,92065,SAN DIEGO,12,CLOSED,7/16/2022,6/17/2024,23.4,(760) 440-0014,9,https://www.google.com/maps/search/217%20EARLHAM%20STREET%2C%20RAMONA%2C%20CA,7604400014
MCDOWELL FAMILY CHILD CARE,PATIENCE MCDOWELL,Unavailable,YUCCA VALLEY,92284,SAN BERNARDINO,14,CLOSED,7/11/2022,12/16/2022,5.3,(760) 596-7315,9,https://www.google.com/maps/search/Unavailable%2C%20YUCCA%20VALLEY%2C%20CA,7605967315
MCDOWELL FAMILY CHILD CARE,PATIENCE MCDOWELL,Unavailable,JOSHUA TREE,92252,SAN BERNARDINO,14,CLOSED,3/7/2022,7/9/2022,4.1,(760) 596-7315,9,https://www.google.com/maps/search/Unavailable%2C%20JOSHUA%20TREE%2C%20CA,7605967315
A PLACE OF OUR OWN CDC,"PEOPLES,FELICIA",2355 EAST VALLEY PKWY,ESCONDIDO,92027,SAN DIEGO,30,CLOSED,9/21/2020,7/23/2023,34.5,(760) 737-8660,6,https://www.google.com/maps/search/2355%20EAST%20VALLEY%20PKWY%2C%20ESCONDIDO%2C%20CA,7607378660
A PLACE OF OUR OWN SCHOOL-AGE,"A PLACE OF OUR OWN CHILD DEVELOPMENT CENTER, INC.","2319 E VALLEY PARKWAY, SUITE A",ESCONDIDO,92027,SAN DIEGO,30,CLOSED,6/14/2017,9/21/2020,39.8,(760) 737-8660,5,https://www.google.com/maps/search/2319%20E%20VALLEY%20PARKWAY%2C%20SUITE%20A%2C%20ESCONDIDO%2C%20CA,7607378660
TOGETHER WE GROW,TOGETHER WE GROW,42389 WINCHESTER RD,TEMECULA,92590,RIVERSIDE,35,CLOSED,8/17/2020,10/30/2023,39.0,(760) 757-6031,6,https://www.google.com/maps/search/42389%20WINCHESTER%20RD%2C%20TEMECULA%2C%20CA,7607576031
TOGETHER WE GROW (INFANT),TOGETHER WE GROW,42389 WINCHESTER RD,TEMECULA,92590,RIVERSIDE,21,CLOSED,8/25/2020,10/30/2023,38.7,(760) 757-6031,6,https://www.google.com/maps/search/42389%20WINCHESTER%20RD%2C%20TEMECULA%2C%20CA,7607576031
VISTA MONTESSORI COUNTRY PRESCHOOL,WAKE PROPERTIES INC,777 TAYLOR STREET,VISTA,92084,SAN DIEGO,57,CLOSED,3/9/2020,7/28/2021,16.9,(760) 945-9222,9,https://www.google.com/maps/search/777%20TAYLOR%20STREET%2C%20VISTA%2C%20CA,7609459222
VISTA MONTESSORI COUNTRY PRESCHOOL,WAKE PROPERTIES INC,777 TAYLOR STREET,VISTA,92084,SAN DIEGO,8,CLOSED,3/9/2020,7/28/2021,16.9,(760) 945-9222,9,https://www.google.com/maps/search/777%20TAYLOR%20STREET%2C%20VISTA%2C%20CA,7609459222
BROWN FAMILY CHILD CARE,"BROWN, MELISSA",Unavailable,SANTA MARIA,93455,SANTA BARBARA,14,CLOSED,11/9/2022,3/27/2024,16.8,(805) 268-8500,9,https://www.google.com/maps/search/Unavailable%2C%20SANTA%20MARIA%2C%20CA,8052688500
SMITH FAMILY CHILD CARE,"SMITH, MELISSA",Unavailable,SANTA MARIA,93455,SANTA BARBARA,14,CLOSED,10/25/2021,11/9/2022,12.7,(805) 268-8500,9,https://www.google.com/maps/search/Unavailable%2C%20SANTA%20MARIA%2C%20CA,8052688500
CASTILLO FAMILY CHILD CARE,"CASTILLO, MARIA",Unavailable,SANTA MARIA,93454,SANTA BARBARA,14,CLOSED,9/19/2022,5/31/2024,20.7,(805) 345-7209,9,https://www.google.com/maps/search/Unavailable%2C%20SANTA%20MARIA%2C%20CA,8053457209
CASTILLO FAMILY CHILD CARE,"CASTILLO, MARIA",Unavailable,SANTA MARIA,93455,SANTA BARBARA,14,CLOSED,5/31/2024,3/12/2025,9.5,(805) 345-7209,7,https://www.google.com/maps/search/Unavailable%2C%20SANTA%20MARIA%2C%20CA,8053457209
BRIGHT LIFE PLAYSCHOOL INC.,"BRIGHT LIFE PLAYSCHOOL, INC.",1130 ORCUTT ROAD,SAN LUIS OBISPO,93401,SAN LUIS OBISPO,60,CLOSED,12/31/2020,12/20/2024,48.3,(805) 345-9628,6,https://www.google.com/maps/search/1130%20ORCUTT%20ROAD%2C%20SAN%20LUIS%20OBISPO%2C%20CA,8053459628
"BRIGHT LIFE PLAYSCHOOL, INC.","BRIGHT LIFE PLAYSCHOOL, INC.",880 LAUREATE LANE,SAN LUIS OBISPO,93405,SAN LUIS OBISPO,60,CLOSED,2/28/2019,12/31/2020,22.4,(805) 345-9628,7,https://www.google.com/maps/search/880%20LAUREATE%20LANE%2C%20SAN%20LUIS%20OBISPO%2C%20CA,8053459628
CASA DEI BAMBINI,"CASA DEI BAMBINI, LLC",624 EAST CAMINO COLEGIO,SANTA MARIA,93454,SANTA BARBARA,24,CLOSED,11/20/2020,9/27/2023,34.7,(805) 348-3690,6,https://www.google.com/maps/search/624%20EAST%20CAMINO%20COLEGIO%2C%20SANTA%20MARIA%2C%20CA,8053483690
CASA DEI BAMBINI INFANT AND TODDLER,"CASA DEI BAMBINI, LLC",624 EAST CAMINO COLEGIO,SANTA MARIA,93454,SANTA BARBARA,28,CLOSED,11/20/2020,9/27/2023,34.7,(805) 348-3690,6,https://www.google.com/maps/search/624%20EAST%20CAMINO%20COLEGIO%2C%20SANTA%20MARIA%2C%20CA,8053483690
GARCIA FCC AKA ITS A FUN DAY CHILD CARE,ANGELICA GARCIA,Unavailable,SANTA MARIA,93458,SANTA BARBARA,14,CLOSED,6/28/2024,4/30/2025,10.2,(805) 478-0822,7,https://www.google.com/maps/search/Unavailable%2C%20SANTA%20MARIA%2C%20CA,8054780822
GARCIA FCCH AKA IT'S A FUN DAY CHILD CARE,ANGELICA GARCIA,Unavailable,SANTA MARIA,93458,SANTA BARBARA,14,CLOSED,2/22/2023,6/28/2024,16.4,(805) 478-0822,7,https://www.google.com/maps/search/Unavailable%2C%20SANTA%20MARIA%2C%20CA,8054780822
LITTLE ENSOS,BRIGHT HORIZONS CHILDREN'S CENTERS LLC,651 TANK FARM ROAD,SAN LUIS OBISPO,93401,SAN LUIS OBISPO,31,CLOSED,6/3/2019,12/16/2020,18.7,(805) 545-7836,6,https://www.google.com/maps/search/651%20TANK%20FARM%20ROAD%2C%20SAN%20LUIS%20OBISPO%2C%20CA,8055457836
LITTLE ENSOS,"BRIGHT HORIZONS CHILDREN'S CENTERS, LLC",651 TANK FARM ROAD,SAN LUIS OBISPO,93401,SAN LUIS OBISPO,40,CLOSED,6/3/2019,12/16/2020,18.7,(805) 545-7836,6,https://www.google.com/maps/search/651%20TANK%20FARM%20ROAD%2C%20SAN%20LUIS%20OBISPO%2C%20CA,8055457836
SUNNY SIDE CHRISTIAN PRESCHOOL & DAYCARE,SUNNY SIDE CHRISTIAN PRESCHOOL & DAYCARE W/CHAPEL,1212 MARICOPA HWY,OJAI,93023,VENTURA,40,CLOSED,6/14/2023,10/30/2024,16.8,(805) 856-8021,5,https://www.google.com/maps/search/1212%20MARICOPA%20HWY%2C%20OJAI%2C%20CA,8058568021
SUNNY SIDE PRESCHOOL & DAYCARE,SUNNY SIDE CHRISTIAN PRESCHOOL & DAYCARE W/CHAPEL,1212 MARICOPA HWY,OJAI,93023,VENTURA,24,CLOSED,6/14/2023,10/30/2024,16.8,(805) 856-8021,5,https://www.google.com/maps/search/1212%20MARICOPA%20HWY%2C%20OJAI%2C%20CA,8058568021
NIPOMO RECREATION ASSOCIATION,"NIPOMO RECREATION ASSOCIATION, INC.",920 WEST TEFFT STREET,NIPOMO,93444,SAN LUIS OBISPO,60,CLOSED,3/12/2021,7/15/2024,40.7,(805) 929-5437,6,https://www.google.com/maps/search/920%20WEST%20TEFFT%20STREET%2C%20NIPOMO%2C%20CA,8059295437
NIPOMO RECREATION ASSOCIATION,"NIPOMO RECREATION ASSOCIATION, INC.",1661 VIA ALTA MESA,NIPOMO,93444,SAN LUIS OBISPO,60,CLOSED,3/11/2021,7/15/2024,40.7,(805) 929-5437,6,https://www.google.com/maps/search/1661%20VIA%20ALTA%20MESA%2C%20NIPOMO%2C%20CA,8059295437
NIPOMO RECREATION ASSOCIATION,"NIPOMO RECREATION ASSOCIATION, INC.",190 E. PRICE STREET,NIPOMO,93444,SAN LUIS OBISPO,60,CLOSED,3/10/2021,7/15/2024,40.8,(805) 929-5437,6,https://www.google.com/maps/search/190%20E.%20PRICE%20STREET%2C%20NIPOMO%2C%20CA,8059295437
CHALK OF TARZANA,"CHALK OF TARZANA, LLC",19436 VENTURA BLVD,TARZANA,91356,LOS ANGELES,83,CLOSED,9/3/2019,12/4/2020,15.3,(818) 593-2244,7,https://www.google.com/maps/search/19436%20VENTURA%20BLVD%2C%20TARZANA%2C%20CA,8185932244
WOODCREST PRESCHOOL ON THE BOULEVARD,WOODCREST PRESCHOOL,19436 VENTURA BLVD,TARZANA,91356,LOS ANGELES,87,CLOSED,1/26/2021,6/6/2022,16.5,(818) 593-2244,9,https://www.google.com/maps/search/19436%20VENTURA%20BLVD%2C%20TARZANA%2C%20CA,8185932244
HARASIS FAMILY CHILD CARE,RAZIA HARASIS,Unavailable,WEST HILLS,91304,LOS ANGELES,14,CLOSED,1/5/2023,5/17/2023,4.4,(818) 612-8839,5,https://www.google.com/maps/search/Unavailable%2C%20WEST%20HILLS%2C%20CA,8186128839
HARASIS FAMILY CHILDCARE,RAZIA HARASIS,Unavailable,WEST HILLS,91304,LOS ANGELES,14,CLOSED,5/17/2023,4/18/2025,23.4,(818) 612-8839,5,https://www.google.com/maps/search/Unavailable%2C%20WEST%20HILLS%2C%20CA,8186128839
DEVONSHIRE INFANT CENTER,"M&R PRESCHOOL, INC.",21203 DEVONSHIRE STREET,CHATSWORTH,91311,LOS ANGELES,46,LICENSED,1/12/2021,,,(818) 700-2821,5,https://www.google.com/maps/search/21203%20DEVONSHIRE%20STREET%2C%20CHATSWORTH%2C%20CA,8187002821
DEVONSHIRE PRESCHOOL,M&R PRESCHOOL INC.,21203 DEVONSHIRE STREET,CHATSWORTH,91311,LOS ANGELES,60,LICENSED,1/12/2021,,,(818) 700-2821,5,https://www.google.com/maps/search/21203%20DEVONSHIRE%20STREET%2C%20CHATSWORTH%2C%20CA,8187002821
VALLEY NURSERY SCHOOL,KEVIN CHONG YI,6948 WOODMAN AVE,VALLEY GLEN,91405,LOS ANGELES,29,CLOSED,11/19/2021,8/24/2023,21.4,(818) 782-8630,9,https://www.google.com/maps/search/6948%20WOODMAN%20AVE%2C%20VALLEY%20GLEN%2C%20CA,8187828630
VALLEY NURSERY SCHOOL,KEVIN CHONG YI,6948 WOODMAN AVENUE,VALLEY GLEN,91405,LOS ANGELES,11,CLOSED,11/19/2021,8/24/2023,21.4,(818) 782-8630,9,https://www.google.com/maps/search/6948%20WOODMAN%20AVENUE%2C%20VALLEY%20GLEN%2C%20CA,8187828630
"ABC LITTLE SCHOOL-NORTH HILLS, INC.","ABC LITTLE SCHOOL-NORTH HILLS, INC.",9025 LANGDON AVENUE,NORTH HILLS,91343,LOS ANGELES,138,CLOSED,4/10/2018,9/29/2021,42.3,(818) 830-8123,5,https://www.google.com/maps/search/9025%20LANGDON%20AVENUE%2C%20NORTH%20HILLS%2C%20CA,8188308123
ACHIEVERS ACADEMY PRESCHOOL,"ACHIEVERS ACADEMY, INC.",9025 LANGDON AVENUE,NORTH HILLS,91343,LOS ANGELES,132,CLOSED,9/29/2021,4/10/2024,30.8,(818) 830-8123,6,https://www.google.com/maps/search/9025%20LANGDON%20AVENUE%2C%20NORTH%20HILLS%2C%20CA,8188308123
BRIGHT HORIZONS/WARNER BROS.,"BRIGHT HORIZONS CHILDREN'S CENTERS, INC.",3901 WEST OAK STREET,BURBANK,91505,LOS ANGELES,31,CLOSED,8/25/1995,6/25/2023,338.9,(818) 954-2003,5,https://www.google.com/maps/search/3901%20WEST%20OAK%20STREET%2C%20BURBANK%2C%20CA,8189542003
BRIGHT HORIZONS/WARNER BROS.,"BRIGHT HORIZONS CHILDREN'S CENTERS, INC.",3901 WEST OAK STREET,BURBANK,91505,LOS ANGELES,89,CLOSED,8/25/1995,6/25/2023,338.9,(818) 954-2003,5,https://www.google.com/maps/search/3901%20WEST%20OAK%20STREET%2C%20BURBANK%2C%20CA,8189542003
HAPPY DAYS CHILDREN'S LEARNING CENTER,"HAPPY DAYS CHILDREN'S LEARNING CENTER, LLC",720 SEVENTEENTH AVENUE,SANTA CRUZ,95062,SANTA CRUZ,20,CLOSED,4/12/2022,8/5/2024,28.2,(831) 476-2000,7,https://www.google.com/maps/search/720%20SEVENTEENTH%20AVENUE%2C%20SANTA%20CRUZ%2C%20CA,8314762000
HAPPY DAYS CHILDREN'S LEARNING CENTER,"HAPPY DAYS CHILDREN'S LEARNING CENTER, LLC",720 SEVENTEENTH AVENUE,SANTA CRUZ,95062,SANTA CRUZ,58,CLOSED,4/12/2022,8/5/2024,28.2,(831) 476-2000,7,https://www.google.com/maps/search/720%20SEVENTEENTH%20AVENUE%2C%20SANTA%20CRUZ%2C%20CA,8314762000
BALDWIN ACADEMY,"BALDWIN ACADEMY CHILD DEV CENTER, INC.",1752 & 1762 HORNBLEND STREET,SAN DIEGO,92109,SAN DIEGO,77,CLOSED,3/27/2023,9/6/2023,5.4,(858) 270-5995,7,https://www.google.com/maps/search/1752%20%26%201762%20HORNBLEND%20STREET%2C%20SAN%20DIEGO%2C%20CA,8582705995
BALDWIN ACADEMY - INFANT,"BALDWIN ACADEMY CHILD DEV CENTER, INC.",1772 HORNBLEND ST,SAN DIEGO,92109,SAN DIEGO,14,CLOSED,3/27/2023,10/1/2023,6.3,(858) 270-5995,7,https://www.google.com/maps/search/1772%20HORNBLEND%20ST%2C%20SAN%20DIEGO%2C%20CA,8582705995
BALDWIN ACADEMY - INFANT,"BALDWIN ACADEMY CHILD DEV CENTER, INC.",1760 HORNBLEND STREET,SAN DIEGO,92109,SAN DIEGO,18,CLOSED,3/27/2023,9/7/2023,5.5,(858) 270-5995,7,https://www.google.com/maps/search/1760%20HORNBLEND%20STREET%2C%20SAN%20DIEGO%2C%20CA,8582705995
GOLDEN POPPY PRESCHOOL & INFANT CENTER,LEAP & BOUNDS LLC.,3422 TRIPP COURT,SAN DIEGO,92121,SAN DIEGO,119,CLOSED,1/10/2020,12/2/2024,59.6,(858) 794-9130,6,https://www.google.com/maps/search/3422%20TRIPP%20COURT%2C%20SAN%20DIEGO%2C%20CA,8587949130
GOLDEN POPPY PRESCHOOL & INFANT CENTER,LEAPS & BOUNDS LLC.,3422 TRIPP COURT,SAN DIEGO,92121,SAN DIEGO,44,CLOSED,1/10/2020,12/2/2024,59.6,(858) 794-9130,6,https://www.google.com/maps/search/3422%20TRIPP%20COURT%2C%20SAN%20DIEGO%2C%20CA,8587949130
BUBELLO FAMILY CHILD CARE,"BUBELLO, BARBARA",Unavailable,BLOOMINGTON,92316,SAN BERNARDINO,14,CLOSED,12/29/2023,10/18/2024,9.8,(909) 549-4594,7,https://www.google.com/maps/search/Unavailable%2C%20BLOOMINGTON%2C%20CA,9095494594
BUBELLO FAMILY CHILD CARE,"BUBELLO,BARBARA",Unavailable,FONTANA,92335,SAN BERNARDINO,14,CLOSED,7/15/2020,10/13/2023,39.5,(909) 549-4594,6,https://www.google.com/maps/search/Unavailable%2C%20FONTANA%2C%20CA,9095494594
CARING HEARTS CHILD DEVELOPMENT CENTER LLC,CARING HEARTS CHILD DEVELOPMENT CENTER LLC,1558 W BASELINE ST,SAN BERNARDINO,92411,SAN BERNARDINO,13,CLOSED,7/19/2022,11/9/2023,15.9,(909) 571-5499,10,https://www.google.com/maps/search/1558%20W%20BASELINE%20ST%2C%20SAN%20BERNARDINO%2C%20CA,9095715499
CARING HEARTS CHILD DEVELOPMENT CENTER LLC,CARING HEARTS CHILD DEVELOPMENT CENTER LLC,1558 W BASELINE ST,SAN BERNARDINO,92411,SAN BERNARDINO,12,LICENSED,7/19/2022,,,(909) 571-5499,5,https://www.google.com/maps/search/1558%20W%20BASELINE%20ST%2C%20SAN%20BERNARDINO%2C%20CA,9095715499
CARING HEARTS CHILD DEVELOPMENT CENTER LLC,CARING HEARTS CHILD DEVELOPMENT CENTER LLC,1558 W BASELINE ST,SAN BERNARDINO,92411,SAN BERNARDINO,34,LICENSED,7/19/2022,,,(909) 571-5499,5,https://www.google.com/maps/search/1558%20W%20BASELINE%20ST%2C%20SAN%20BERNARDINO%2C%20CA,9095715499
KINDERCARE LEARNING CENTER,"KINDERCARE LEARNING CENTERS, LLC",455 E. FOOTHILL BOULEVARD,SAN DIMAS,91773,LOS ANGELES,20,CLOSED,5/23/1997,8/11/2024,331.4,(909) 599-0597,5,https://www.google.com/maps/search/455%20E.%20FOOTHILL%20BOULEVARD%2C%20SAN%20DIMAS%2C%20CA,9095990597
KINDERCARE LEARNING CENTER,"KINDERCARE LEARNING CENTERS, LLC",455 E. FOOTHILL BOULEVARD,SAN DIMAS,91773,LOS ANGELES,96,CLOSED,5/23/1997,8/11/2024,331.4,(909) 599-0597,5,https://www.google.com/maps/search/455%20E.%20FOOTHILL%20BOULEVARD%2C%20SAN%20DIMAS%2C%20CA,9095990597
KINDERCARE LEARNING CENTER,"KINDERCARE LEARNING CENTERS, LLC",455 E. FOOTHILL BOULEVARD,SAN DIMAS,91773,LOS ANGELES,49,CLOSED,5/23/1997,9/20/2023,320.5,(909) 599-0597,5,https://www.google.com/maps/search/455%20E.%20FOOTHILL%20BOULEVARD%2C%20SAN%20DIMAS%2C%20CA,9095990597
KIDDIE ACADEMY OF FONTANA,"BDH LEARNING CENTER, INC",11117 SIERRA AVE,FONTANA,92337,SAN BERNARDINO,28,LICENSED,4/25/2022,,,(909) 822-7700,5,https://www.google.com/maps/search/11117%20SIERRA%20AVE%2C%20FONTANA%2C%20CA,9098227700
KIDDIE ACADEMY OF FONTANA,"BDH LEARNING CENTER, INC",11117 SIERRA AVE,FONTANA,92337,SAN BERNARDINO,120,LICENSED,4/25/2022,,,(909) 822-7700,5,https://www.google.com/maps/search/11117%20SIERRA%20AVE%2C%20FONTANA%2C%20CA,9098227700
KIDDIE ACADEMY OF FONTANA,"BDH LEARNING CENTER, INC",11117 SIERRA AVE,FONTANA,92337,SAN BERNARDINO,24,LICENSED,4/25/2022,,,(909) 822-7700,5,https://www.google.com/maps/search/11117%20SIERRA%20AVE%2C%20FONTANA%2C%20CA,9098227700
LITTLE MOUNTAIN PRESCHOOL,LITTLE MOUNTAIN LLC,2915 LITTLE MOUNTAIN DR,SAN BERNARDINO,92405,SAN BERNARDINO,75,CLOSED,5/27/2020,3/21/2023,34.3,(909) 882-1100,6,https://www.google.com/maps/search/2915%20LITTLE%20MOUNTAIN%20DR%2C%20SAN%20BERNARDINO%2C%20CA,9098821100
LITTLE MOUNTAIN PRESCHOOL,LITTLE MOUNTAIN LLC,2915 LITTLE MOUNTAIN DR,SAN BERNARDINO,92405,SAN BERNARDINO,14,CLOSED,5/27/2020,3/21/2023,34.3,(909) 882-1100,6,https://www.google.com/maps/search/2915%20LITTLE%20MOUNTAIN%20DR%2C%20SAN%20BERNARDINO%2C%20CA,9098821100
LITTLE MOUNTAIN PRESCHOOL,LITTLE MOUNTAIN LLC,2915 LITTLE MOUNTAIN DR,SAN BERNARDINO,92405,SAN BERNARDINO,16,CLOSED,5/27/2020,3/21/2023,34.3,(909) 882-1100,6,https://www.google.com/maps/search/2915%20LITTLE%20MOUNTAIN%20DR%2C%20SAN%20BERNARDINO%2C%20CA,9098821100
KIDDIE ACADEMY OF RANCHO CUCAMONGA,"MOORE,JENNIFER & MOORE,MATTHEW",7220 VICTORIA PARK LANE,RANCHO CUCAMONGA,91739,SAN BERNARDINO,130,CLOSED,1/21/2020,4/25/2022,27.5,(909) 891-8700,6,https://www.google.com/maps/search/7220%20VICTORIA%20PARK%20LANE%2C%20RANCHO%20CUCAMONGA%2C%20CA,9098918700
KIDDIE ACADEMY OF RANCHO CUCAMONGA,"MOORE,JENNIFER & MOORE,MATTHEW",7220 VICTORIA PARK LANE,RANCHO CUCAMONGA,91739,SAN BERNARDINO,24,CLOSED,1/21/2020,4/25/2022,27.5,(909) 891-8700,6,https://www.google.com/maps/search/7220%20VICTORIA%20PARK%20LANE%2C%20RANCHO%20CUCAMONGA%2C%20CA,9098918700
KIDDIE ACADEMY OF RANCHO CUCAMONGA,"MOORE,JENNIFER & MOORE,MATTHEW",7220 VICTORIA PARK LANE,RANCHO CUCAMONGA,91739,SAN BERNARDINO,24,CLOSED,1/21/2020,4/25/2022,27.5,(909) 891-8700,6,https://www.google.com/maps/search/7220%20VICTORIA%20PARK%20LANE%2C%20RANCHO%20CUCAMONGA%2C%20CA,9098918700
KIDDIE ACADEMY OF RANCHO CUCAMONGA,"DBH LEARNING CENTER, INC",7220 VICTORIA PARK LANE,RANCHO CUCAMONGA,91739,SAN BERNARDINO,24,LICENSED,4/25/2022,,,(909) 891-8700,5,https://www.google.com/maps/search/7220%20VICTORIA%20PARK%20LANE%2C%20RANCHO%20CUCAMONGA%2C%20CA,9098918700
KIDDIE ACADEMY OF RANCHO CUCAMONGA,"DBH LEARNING CENTER, INC",7220 VICTORIA PARK LANE,RANCHO CUCAMONGA,91739,SAN BERNARDINO,127,LICENSED,4/25/2022,,,(909) 891-8700,5,https://www.google.com/maps/search/7220%20VICTORIA%20PARK%20LANE%2C%20RANCHO%20CUCAMONGA%2C%20CA,9098918700
KIDDIE ACADEMY OF RANCHO CUCAMONGA,"DBH LEARNING CENTER, INC",7220 VICTORIA PARK LANE,RANCHO CUCAMONGA,91739,SAN BERNARDINO,28,LICENSED,4/25/2022,,,(909) 891-8700,5,https://www.google.com/maps/search/7220%20VICTORIA%20PARK%20LANE%2C%20RANCHO%20CUCAMONGA%2C%20CA,9098918700
ADVENTURE MONTESSORI S.T.E.A.M ACADEMY LLC,ADVENTURE MONTESSORI S.T.E.A.M ACADEMY LLC,3541 N FREEWAY BLVD SUITE 100,SACRAMENTO,95834,SACRAMENTO,8,ON PROBATION,8/4/2022,,,(916) 370-6113,5,https://www.google.com/maps/search/3541%20N%20FREEWAY%20BLVD%20SUITE%20100%2C%20SACRAMENTO%2C%20CA,9163706113
ADVENTURE MONTESSORI S.T.E.A.M ACADEMY LLC,ADVENTURE MONTESSORI S.T.E.A.M ACADEMY LLC,3541 N FREEWAY BLVD SUITE 100,SACRAMENTO,95834,SACRAMENTO,35,ON PROBATION,8/4/2022,,,(916) 370-6113,5,https://www.google.com/maps/search/3541%20N%20FREEWAY%20BLVD%20SUITE%20100%2C%20SACRAMENTO%2C%20CA,9163706113
COMMMON GROUNDS PRESCHOOL & DAYCARE,"FIRST BAPTIST OF SACRAMENTO, THE",2324 L STREET,SACRAMENTO,95816,SACRAMENTO,22,CLOSED,5/8/2019,11/30/2020,19.1,(916) 443-6537,5,https://www.google.com/maps/search/2324%20L%20STREET%2C%20SACRAMENTO%2C%20CA,9164436537
COMMON GROUNDS PRESCHOOL & DAYCARE,"FIRST BAPTIST CHURCH OF SACRAMENTO, THE",2324 L STREET,SACRAMENTO,95816,SACRAMENTO,36,CLOSED,5/8/2019,11/30/2020,19.1,(916) 443-6537,5,https://www.google.com/maps/search/2324%20L%20STREET%2C%20SACRAMENTO%2C%20CA,9164436537
LAND PARK INFANT CENTER AND PRESCHOOL,ADVENTURE MONTESSORI S.T.E.A.M ACADEMY LLC,5250 RIVERSIDE BLVD,SACRAMENTO,95822,SACRAMENTO,15,ON PROBATION,4/26/2022,,,(916) 446-4567,5,https://www.google.com/maps/search/5250%20RIVERSIDE%20BLVD%2C%20SACRAMENTO%2C%20CA,9164464567
LAND PARK INFANT CENTER AND PRESCHOOL,ADVENTURE MONTESSORI S.T.E.A.M ACADEMY LLC,5250 RIVERSIDE BLVD,SACRAMENTO,95822,SACRAMENTO,38,ON PROBATION,4/26/2022,,,(916) 446-4567,5,https://www.google.com/maps/search/5250%20RIVERSIDE%20BLVD%2C%20SACRAMENTO%2C%20CA,9164464567
LEARNING TO LOVE DEVELOPMENT CENTER LLC,LEARNING TO LOVE DEVELOPMENT CENTER LLC,4340 STOCKTON BLVD,SACRAMENTO,95820,SACRAMENTO,15,CLOSED,4/23/2021,3/14/2024,35.2,(916) 475-1622,6,https://www.google.com/maps/search/4340%20STOCKTON%20BLVD%2C%20SACRAMENTO%2C%20CA,9164751622
LEARNING TO LOVE DEVELOPMENT CENTER LLC,LEARNING TO LOVE DEVELOPMENT CENTER LLC,4340 STOCKTON BLVD,SACRAMENTO,95820,SACRAMENTO,5,CLOSED,4/23/2021,3/14/2024,35.2,(916) 475-1622,6,https://www.google.com/maps/search/4340%20STOCKTON%20BLVD%2C%20SACRAMENTO%2C%20CA,9164751622
LEARNING TO LOVE DEVELOPMENT CENTER LLC,LEARNING TO LOVE DEVELOPMENT CENTER LLC,4340 STOCKTON BLVD,SACRAMENTO,95820,SACRAMENTO,10,CLOSED,4/23/2021,3/14/2024,35.2,(916) 475-1622,6,https://www.google.com/maps/search/4340%20STOCKTON%20BLVD%2C%20SACRAMENTO%2C%20CA,9164751622
KCE CHAMPIONS LLC,KCE CHAMPIONS LLC @ ALTA VISTA COMMUNITY CHARTER,173 OAK ST,AUBURN,95603,PLACER,75,CLOSED,8/8/2022,5/31/2023,9.9,(916) 479-4977,9,https://www.google.com/maps/search/173%20OAK%20ST%2C%20AUBURN%2C%20CA,9164794977
KCE CHAMPIONS LLC @ ELKHORN VILLAGE ELEMENTARY,KCE CHAMPIONS LLC,750 CUMMINS WAY,WEST SACRAMENTO,95605,YOLO,39,CLOSED,8/14/2019,5/27/2020,9.6,(916) 479-4977,7,https://www.google.com/maps/search/750%20CUMMINS%20WAY%2C%20WEST%20SACRAMENTO%2C%20CA,9164794977
KCE CHAMPIONS LLC @ GROWTH PUBLIC SCHOOLS,KCE CHAMPIONS LLC,9320 TECH CENTER DRIVE,SACRAMENTO,95826,SACRAMENTO,120,CLOSED,8/15/2019,7/17/2020,11.2,(916) 479-4977,7,https://www.google.com/maps/search/9320%20TECH%20CENTER%20DRIVE%2C%20SACRAMENTO%2C%20CA,9164794977
KCE CHAMPIONS LLC @ SKYRIDGE ELEMENTARY,KCE CHAMPIONS LLC @ SKYRIDGE ELEMENTARY,800 PERKINS WAY,AUBURN,95603,PLACER,75,CLOSED,8/9/2023,12/12/2024,16.4,(916) 479-4977,7,https://www.google.com/maps/search/800%20PERKINS%20WAY%2C%20AUBURN%2C%20CA,9164794977
MOREY AVENUE EARLY LEARNING CENTER,TWIN RIVERS UNIFIED SCHOOL DISTRICT,155 MOREY AVENUE,SACRAMENTO,95838,SACRAMENTO,16,CLOSED,3/10/2022,1/25/2024,22.9,(916) 566-3485,9,https://www.google.com/maps/search/155%20MOREY%20AVENUE%2C%20SACRAMENTO%2C%20CA,9165663485
OAKDALE EARLY LEARNING CENTER,TWIN RIVERS UNIFIED SCHOOL DISTRICT,3708 MYRTLE AVENUE,NORTH HIGHLANDS,95660,SACRAMENTO,8,CLOSED,3/10/2022,11/8/2023,20.3,(916) 566-3485,9,https://www.google.com/maps/search/3708%20MYRTLE%20AVENUE%2C%20NORTH%20HIGHLANDS%2C%20CA,9165663485
RIO LINDA EARLY LEARNING CENTER,TWIN RIVERS UNIFIED SCHOOL DISTRICT,631 L ST,RIO LINDA,95673,SACRAMENTO,16,CLOSED,11/30/2021,12/7/2023,24.6,(916) 566-3485,6,https://www.google.com/maps/search/631%20L%20ST%2C%20RIO%20LINDA%2C%20CA,9165663485
VILLAGE EARLY LEARNING CENTER,TWIN RIVERS UNIFIED SCHOOL DISTRICT,6845 LARCHMONT DRIVE,NORTH HIGHLANDS,95660,SACRAMENTO,8,CLOSED,11/30/2021,11/8/2023,23.6,(916) 566-3485,9,https://www.google.com/maps/search/6845%20LARCHMONT%20DRIVE%2C%20NORTH%20HIGHLANDS%2C%20CA,9165663485
ANGELS IN ACTION LEARNING CENTER,"ANGELS IN ACTION LEARNING CENTER, INC.",4500 TUTTLE ROAD,ROCKLIN,95677,PLACER,20,CLOSED,10/3/2005,8/28/2020,181.4,(916) 632-1622,5,https://www.google.com/maps/search/4500%20TUTTLE%20ROAD%2C%20ROCKLIN%2C%20CA,9166321622
ANGELS IN ACTION LEARNING CENTER,"ANGELS IN ACTION LEARNING CENTER, INC.",4500 TUTTLE ROAD,ROCKLIN,95677,PLACER,28,CLOSED,10/3/2005,8/28/2020,181.4,(916) 632-1622,5,https://www.google.com/maps/search/4500%20TUTTLE%20ROAD%2C%20ROCKLIN%2C%20CA,9166321622
ANGELS IN ACTION LEARNING CENTER,"ANGELS IN ACTION LEARNING CENTER, INC.",4500 TUTTLE ROAD,ROCKLIN,95677,PLACER,53,CLOSED,10/3/2005,8/28/2020,181.4,(916) 632-1622,5,https://www.google.com/maps/search/4500%20TUTTLE%20ROAD%2C%20ROCKLIN%2C%20CA,9166321622
TOTS OF LOVE,"TOTS OF LOVE CHILD DEVELOPMENT CENTER, LLC",5619 MARCONI AVENUE,CARMICHAEL,95608,SACRAMENTO,24,CLOSED,9/15/2015,9/2/2022,84.8,(916) 689-8687,5,https://www.google.com/maps/search/5619%20MARCONI%20AVENUE%2C%20CARMICHAEL%2C%20CA,9166898687
TOTS OF LOVE - CARMICHAEL,"TOTS OF LOVE CHILD DEVELOPMENT CENTER, LLC",2921 GARFIELD AVENUE,CARMICHAEL,95608,SACRAMENTO,40,LICENSED,9/2/2022,,,(916) 689-8687,5,https://www.google.com/maps/search/2921%20GARFIELD%20AVENUE%2C%20CARMICHAEL%2C%20CA,9166898687
TOTS OF LOVE - CARMICHAEL,"TOTS OF LOVE CHILD DEVELOPMENT CENTER, LLC",2921 GARFIELD AVENUE,CARMICHAEL,95608,SACRAMENTO,24,LICENSED,9/2/2022,,,(916) 689-8687,5,https://www.google.com/maps/search/2921%20GARFIELD%20AVENUE%2C%20CARMICHAEL%2C%20CA,9166898687
TOTS OF LOVE-CARMICHAEL,"TOTS OF LOVE CHILD DEVELOPMENT CENTER, LLC",2921 GARFIELD AVENUE,CARMICHAEL,95608,SACRAMENTO,28,CLOSED,,10/26/2022,,(916) 689-8687,5,https://www.google.com/maps/search/2921%20GARFIELD%20AVENUE%2C%20CARMICHAEL%2C%20CA,9166898687
HAGGINWOOD ACADEMY,HAGGINWOOD ACADEMY LLC,3240 MARYSVILLE BLVD,SACRAMENTO,95815,SACRAMENTO,23,CLOSED,11/9/2020,10/29/2021,11.8,(916) 696-7575,10,https://www.google.com/maps/search/3240%20MARYSVILLE%20BLVD%2C%20SACRAMENTO%2C%20CA,9166967575
HAGGINWOOD ACADEMY,HAGGINWOOD ACADEMY LLC,3240 MARYSVILLE BLVD,SACRAMENTO,95815,SACRAMENTO,5,CLOSED,11/9/2020,10/29/2021,11.8,(916) 696-7575,10,https://www.google.com/maps/search/3240%20MARYSVILLE%20BLVD%2C%20SACRAMENTO%2C%20CA,9166967575
HAGGINWOOD ACADEMY,HAGGINWOOD ACADEMY,3240 MARYSVILLE BLVD.,SACRAMENTO,95815,SACRAMENTO,12,CLOSED,1/12/2023,10/8/2024,21.2,(916) 696-7575,7,https://www.google.com/maps/search/3240%20MARYSVILLE%20BLVD.%2C%20SACRAMENTO%2C%20CA,9166967575
SHELDON ACRES CHILD DEVELOPMENT CENTER,STEFANIE THOMPSON,10393 PLEASANT GROVE SCHOOL RD,ELK GROVE,95624,SACRAMENTO,24,CLOSED,5/18/2022,6/15/2023,13.1,(916) 718-7421,7,https://www.google.com/maps/search/10393%20PLEASANT%20GROVE%20SCHOOL%20RD%2C%20ELK%20GROVE%2C%20CA,9167187421
SHELDON ACRES CHILD DEVELOPMENT CENTER,STEFANIE THOMPSON,10393 PLEASANT GROVE SCHOOL RD,ELK GROVE,95624,SACRAMENTO,100,CLOSED,5/18/2022,6/15/2023,13.1,(916) 718-7421,7,https://www.google.com/maps/search/10393%20PLEASANT%20GROVE%20SCHOOL%20RD%2C%20ELK%20GROVE%2C%20CA,9167187421
"TSYGANIUK, INNA",INNA TSYGANIUK,Unavailable,CITRUS HEIGHTS,95621,SACRAMENTO,14,CLOSED,3/11/2020,1/7/2021,10.1,(916) 835-8182,7,https://www.google.com/maps/search/Unavailable%2C%20CITRUS%20HEIGHTS%2C%20CA,9168358182
"TSYGANIUK, INNA",INNA TSYGANIUK,Unavailable,CITRUS HEIGHTS,95621,SACRAMENTO,14,CLOSED,5/11/2023,4/23/2024,11.6,(916) 835-8182,5,https://www.google.com/maps/search/Unavailable%2C%20CITRUS%20HEIGHTS%2C%20CA,9168358182
"GODDARD SCHOOL, THE","EMERIN LEARNING CENTER, LLC",10710 BEAR HOLLOW DRIVE,RANCHO CORDOVA,95670,SACRAMENTO,24,CLOSED,5/30/2008,5/15/2023,182.1,(916) 861-0906,5,https://www.google.com/maps/search/10710%20BEAR%20HOLLOW%20DRIVE%2C%20RANCHO%20CORDOVA%2C%20CA,9168610906
"GODDARD SCHOOL, THE","EMERIN LEARNING CENTER, LLC",10710 BEAR HOLLOW DRIVE,RANCHO CORDOVA,95670,SACRAMENTO,108,CLOSED,5/30/2008,5/15/2023,182.1,(916) 861-0906,5,https://www.google.com/maps/search/10710%20BEAR%20HOLLOW%20DRIVE%2C%20RANCHO%20CORDOVA%2C%20CA,9168610906
"KARIMI, SAFA","KARIMI, SAFA",Unavailable,WEST SACRAMENTO,95691,YOLO,14,CLOSED,8/23/2022,8/30/2023,12.4,(916) 995-6673,9,https://www.google.com/maps/search/Unavailable%2C%20WEST%20SACRAMENTO%2C%20CA,9169956673
"KARIMI, SAFA","KARIMI, SAFA",Unavailable,WEST SACRAMENTO,95691,YOLO,14,CLOSED,8/30/2023,3/22/2024,6.8,(916) 995-6673,7,https://www.google.com/maps/search/Unavailable%2C%20WEST%20SACRAMENTO%2C%20CA,9169956673
"LEARNING WHEEL PRESCHOOL, THE","KAUR, LLC, THE",1432 CONCANNON BOULEVARD,LIVERMORE,94550,ALAMEDA,14,CLOSED,5/23/2023,2/27/2024,9.3,(925) 236-0695,7,https://www.google.com/maps/search/1432%20CONCANNON%20BOULEVARD%2C%20LIVERMORE%2C%20CA,9252360695
"LEARNING WHEEL PRESCHOOL, THE","KAUR LLC, THE",1432 CONCANNON BOULEVARD,LIVERMORE,94550,ALAMEDA,63,CLOSED,5/23/2023,8/6/2024,14.7,(925) 236-0695,7,https://www.google.com/maps/search/1432%20CONCANNON%20BOULEVARD%2C%20LIVERMORE%2C%20CA,9252360695
YMCA OF THE EAST BAY - FAIRGROUNDS ELC,YOUNG MEN'S CHRISTIAN ASSOCIATION OF THE EAST BAY,1203 WEST 10TH STREET,ANTIOCH,94509,CONTRA COSTA,128,CLOSED,10/14/2022,8/22/2024,22.6,(925) 450-6952,9,https://www.google.com/maps/search/1203%20WEST%2010TH%20STREET%2C%20ANTIOCH%2C%20CA,9254506952
YMCA OF THE EAST BAY - FAIRGROUNDS ELC,YOUNG MEN'S CHRISTIAN ASSOCIATION OF THE EAST BAY,1203 WEST 10TH STREET,ANTIOCH,94509,CONTRA COSTA,21,CLOSED,10/14/2022,8/9/2024,22.2,(925) 450-6952,9,https://www.google.com/maps/search/1203%20WEST%2010TH%20STREET%2C%20ANTIOCH%2C%20CA,9254506952
ACORN LEARNING CENTER OF SAN RAMON,"ACORN LEARNING CENTER OF SAN RAMON, INC.",5075 CROW CANYON ROAD,SAN RAMON,94583,CONTRA COSTA,40,CLOSED,12/28/1990,8/13/2024,409.4,(925) 735-7900,5,https://www.google.com/maps/search/5075%20CROW%20CANYON%20ROAD%2C%20SAN%20RAMON%2C%20CA,9257357900
ACORN LEARNING CENTER OF SAN RAMON,"ACORN LEARNING CENTER OF SAN RAMON, INC.",5075 CROW CANYON ROAD,SAN RAMON,94583,CONTRA COSTA,151,CLOSED,12/28/1990,8/13/2024,409.4,(925) 735-7900,5,https://www.google.com/maps/search/5075%20CROW%20CANYON%20ROAD%2C%20SAN%20RAMON%2C%20CA,9257357900
AUTUMN CREEK LEARNING CENTER,AUTUMN CREEK LEARNING CENTER,14 OSBORN WAY,DANVILLE,94526,CONTRA COSTA,30,CLOSED,9/1/1999,9/25/2020,256.5,(925) 743-4187,5,https://www.google.com/maps/search/14%20OSBORN%20WAY%2C%20DANVILLE%2C%20CA,9257434187
AUTUMN CREEK LEARNING CENTER,AUTUMN CREEK LEARNING CENTER,14 OSBORN WAY,DANVILLE,94526,CONTRA COSTA,80,CLOSED,9/1/1999,9/25/2020,256.5,(925) 743-4187,5,https://www.google.com/maps/search/14%20OSBORN%20WAY%2C%20DANVILLE%2C%20CA,9257434187
ACORN LEARNING CENTER,"ACORN LEARNING CENTER, INC.",816 DIABLO ROAD,DANVILLE,94526,CONTRA COSTA,42,CLOSED,2/9/1987,2/5/2024,450.3,(925) 837-1145,5,https://www.google.com/maps/search/816%20DIABLO%20ROAD%2C%20DANVILLE%2C%20CA,9258371145
ACORN SCHOOL-AGE LEARNING CENTER,"ACORN LEARNING CENTER, INC.",816 DIABLO ROAD,DANVILLE,94526,CONTRA COSTA,24,CLOSED,3/3/1990,2/5/2024,413.1,(925) 837-1145,5,https://www.google.com/maps/search/816%20DIABLO%20ROAD%2C%20DANVILLE%2C%20CA,9258371145
"LEARN & PLAY MONTESSORI DUBLIN, INC.","LEARN & PLAY MONTESSORI DUBLIN, INC.",3960 SUMMIT ROAD,DUBLIN,94568,ALAMEDA,164,CLOSED,8/9/2023,1/2/2024,4.9,(925) 951-5123,5,https://www.google.com/maps/search/3960%20SUMMIT%20ROAD%2C%20DUBLIN%2C%20CA,9259515123
"LEARN & PLAY MONTESSORI DUBLIN, INC.","LEARN & PLAY MONTESSORI DUBLIN, INC.",3960 SUMMIT ROAD,DUBLIN,94568,ALAMEDA,41,CLOSED,8/9/2023,1/2/2025,17.1,(925) 951-5123,5,https://www.google.com/maps/search/3960%20SUMMIT%20ROAD%2C%20DUBLIN%2C%20CA,9259515123
"PLACE TO PLAY & GROW, A","A PLACE TO PLAY & GROW, LLC",909 CAMINO RAMON,DANVILLE,94526,CONTRA COSTA,26,CLOSED,11/25/2019,6/25/2021,19.3,(925) 997-5697,5,https://www.google.com/maps/search/909%20CAMINO%20RAMON%2C%20DANVILLE%2C%20CA,9259975697
"PLACE TO PLAY & GROW, A","A PLACE TO PLAY & GROW, LLC",909 CAMINO RAMON,DANVILLE,94526,CONTRA COSTA,21,CLOSED,11/25/2019,6/25/2021,19.3,(925) 997-5697,5,https://www.google.com/maps/search/909%20CAMINO%20RAMON%2C%20DANVILLE%2C%20CA,9259975697
GENIUS KIDS INFANT,LITTLE CHAMPS LLC,2740 LA LOMA DRIVE,RANCHO CORDOVA,95670,SACRAMENTO,38,CLOSED,7/28/2023,7/1/2024,11.3,(925) 998-0385,7,https://www.google.com/maps/search/2740%20LA%20LOMA%20DRIVE%2C%20RANCHO%20CORDOVA%2C%20CA,9259980385
GENIUS KIDS PRESCHOOL,LITTLE CHAMPS LLC,2740 LA LOMA DRIVE,RANCHO CORDOVA,95670,SACRAMENTO,22,CLOSED,7/28/2023,7/1/2024,11.3,(925) 998-0385,7,https://www.google.com/maps/search/2740%20LA%20LOMA%20DRIVE%2C%20RANCHO%20CORDOVA%2C%20CA,9259980385
GENIUS KIDS PRESCHOOL,LITTLE CHAMPS LLC,2800 LA LOMA DRIVE,RANCHO CORDOVA,95670,SACRAMENTO,58,CLOSED,7/28/2023,4/11/2024,8.6,(925) 998-0385,7,https://www.google.com/maps/search/2800%20LA%20LOMA%20DRIVE%2C%20RANCHO%20CORDOVA%2C%20CA,9259980385
GUIDEPOST MONTESSORI AT MILL VALLEY,GUIDEPOST A LLC,40 RIDGE AVENUE,MILL VALLEY,94941,MARIN,25,CLOSED,1/18/2022,7/15/2022,5.9,(949) 354-2259,9,https://www.google.com/maps/search/40%20RIDGE%20AVENUE%2C%20MILL%20VALLEY%2C%20CA,9493542259
GUIDEPOST MONTESSORI AT MILL VALLEY,GUIDEPOST A LLC,40 RIDGE AVENUE,MILL VALLEY,94941,MARIN,9,CLOSED,1/18/2022,7/15/2022,5.9,(949) 354-2259,9,https://www.google.com/maps/search/40%20RIDGE%20AVENUE%2C%20MILL%20VALLEY%2C%20CA,9493542259
CCLC-ZIGGURAT CHILD DEVELOPMENT CENTER,CHILDREN'S CREATIVE LEARNING CENTERS,24000 AVILA ROAD STE 3409,LAGUNA NIGUEL,92677,ORANGE,28,CLOSED,10/1/2010,3/1/2024,163.3,(949) 360-2004,5,https://www.google.com/maps/search/24000%20AVILA%20ROAD%20STE%203409%2C%20LAGUNA%20NIGUEL%2C%20CA,9493602004
ZIGGURAT CHILD DEVELOPMENT CENTER,CHILDREN'S CREATIVE LEARNING CENTERS LLC,24000 AVILA ROAD,LAGUNA NIGUEL,92677,ORANGE,48,CLOSED,10/1/2010,3/1/2024,163.3,(949) 360-2004,5,https://www.google.com/maps/search/24000%20AVILA%20ROAD%2C%20LAGUNA%20NIGUEL%2C%20CA,9493602004
"WALDMAN, CINDY","WALDMAN, CINDY",Unavailable,IRVINE,92620,ORANGE,14,CLOSED,7/28/2021,3/10/2022,7.5,(949) 505-3559,9,https://www.google.com/maps/search/Unavailable%2C%20IRVINE%2C%20CA,9495053559
"WALDMAN, CINDY","WALDMAN, CINDY",Unavailable,LAGUNA NIGUEL,92677,ORANGE,14,CLOSED,3/10/2022,10/12/2023,19.4,(949) 505-3559,9,https://www.google.com/maps/search/Unavailable%2C%20LAGUNA%20NIGUEL%2C%20CA,9495053559
"ORTIZ-WITBRACHT, VANESSA","ORTIZ-WITBRACHT, VANESSA",Unavailable,LAKE FOREST,92630,ORANGE,14,CLOSED,12/23/2020,12/9/2022,23.9,(949) 689-5195,7,https://www.google.com/maps/search/Unavailable%2C%20LAKE%20FOREST%2C%20CA,9496895195
"ORTIZ-WITBRACHT, VANESSA","ORTIZ-WITBRACHT, VANESSA",Unavailable,LAKE FOREST,92630,ORANGE,14,CLOSED,5/11/2020,8/1/2020,2.7,(949) 689-5195,7,https://www.google.com/maps/search/Unavailable%2C%20LAKE%20FOREST%2C%20CA,9496895195
"MORRIS, EVELYN","MORRIS, EVELYN",Unavailable,IRVINE,92618,ORANGE,14,CLOSED,10/2/2019,8/2/2021,22.3,(949) 923-5235,7,https://www.google.com/maps/search/Unavailable%2C%20IRVINE%2C%20CA,9499235235
"MORRIS, EVELYN","MORRIS, EVELYN",Unavailable,IRVINE,92618,ORANGE,14,CLOSED,8/2/2021,5/28/2024,34.3,(949) 923-5235,6,https://www.google.com/maps/search/Unavailable%2C%20IRVINE%2C%20CA,9499235235
BRIDGES CHILD DEVELOPMENT CENTER,BRIDGES CHILD DEVELOPMENT CENTER INC,500 N. STATE STREET,HEMET,92543,RIVERSIDE,30,CLOSED,10/20/2009,4/30/2023,164.7,(951) 658-3354,5,https://www.google.com/maps/search/500%20N.%20STATE%20STREET%2C%20HEMET%2C%20CA,9516583354
BRIDGES CHILD DEVELOPMENT CENTER,BRIDGES CHILD DEVELOPMENT CENTER INC,500 N. STATE STREET,HEMET,92543,RIVERSIDE,24,CLOSED,10/20/2009,4/30/2023,164.7,(951) 658-3354,5,https://www.google.com/maps/search/500%20N.%20STATE%20STREET%2C%20HEMET%2C%20CA,9516583354
