zip,facility_count,total_capacity,county,city
95076,213,3737,SANTA CRUZ,CORRALITOS
92105,159,2859,SAN DIEGO,SAN DIEGO
93454,152,3000,SANTA BARBARA,SANTA MARIA
93458,143,2197,SANTA BARBARA,SANTA MARIA
95035,136,6880,SANTA CLARA,MILPITAS
94087,133,5695,SANTA CLARA,SUNNYVALE
92021,131,2772,SAN DIEGO,EL CAJON
94568,128,5673,ALAMEDA,DUBLIN
90047,127,2646,LOS ANGELES,LOS ANGELES
92020,122,2601,SAN DIEGO,EL CAJON
95014,121,4102,SANTA CLARA,CUPERTINO
91911,120,2430,SAN DIEGO,CHULA VISTA
94501,119,3444,ALAMEDA,ALAMEDA
90805,119,2959,LOS ANGELES,LONG BEACH
94112,116,2739,SAN FRANCISCO,SAN FRANCISCO
94538,115,4520,ALAMEDA,FREMONT
95051,114,3977,SANTA CLARA,SANTA CLARA
92154,111,2097,SAN DIEGO,SAN DIEGO
94533,110,2998,SOLANO,FAIRFIELD
92236,110,1848,RIVERSIDE,COACHELLA
94536,109,5233,ALAMEDA,FREMONT
94403,108,2889,SAN MATEO,SAN MATEO
91910,107,3878,SAN DIEGO,CHULA VISTA
93257,106,2630,TULARE,PORTERVILLE
93230,104,2130,KINGS,HANFORD
95758,104,3524,SACRAMENTO,ELK GROVE
90043,103,2285,LOS ANGELES,LOS ANGELES
93215,102,2160,KERN,DELANO
90250,102,2675,LOS ANGELES,HAWTHORNE
93033,101,2823,VENTURA,OXNARD
93535,100,2381,LOS ANGELES,LANCASTER
95020,100,2446,SANTA CLARA,GILROY
91344,100,2783,LOS ANGELES,GRANADA HILLS
95124,100,4088,SANTA CLARA,SAN JOSE
94565,99,2823,CONTRA COSTA,PITTSBURG
95747,99,3348,PLACER,ROSEVILLE
91335,98,2733,LOS ANGELES,RESEDA
94513,97,3479,CONTRA COSTA,BRENTWOOD
93534,96,3200,LOS ANGELES,LANCASTER
92243,96,3053,IMPERIAL,EL CENTRO
92392,95,2040,SAN BERNARDINO,VICTORVILLE
91977,95,2409,SAN DIEGO,SPRING VALLEY
90650,94,2796,LOS ANGELES,NORWALK
93905,94,2130,MONTEREY,SALINAS
95630,93,3933,SACRAMENTO,FOLSOM
92114,91,1663,SAN DIEGO,SAN DIEGO
95624,91,3037,SACRAMENTO,ELK GROVE
92115,89,2301,SAN DIEGO,SAN DIEGO
95608,89,2895,SACRAMENTO,CARMICHAEL
93436,89,1836,SANTA BARBARA,LOMPOC
93906,88,1816,MONTEREY,SALINAS
95835,88,2699,SACRAMENTO,SACRAMENTO
95691,88,2304,YOLO,WEST SACRAMENTO
94080,87,4191,SAN MATEO,SOUTH SAN FRANCISCO
94539,86,3366,ALAMEDA,FREMONT
90044,85,2232,LOS ANGELES,LOS ANGELES
90220,84,2150,LOS ANGELES,COMPTON
93307,84,2046,KERN,BAKERSFIELD
95023,83,1789,SAN BENITO,HOLLISTER
95823,83,2194,SACRAMENTO,SACRAMENTO
92231,83,1659,IMPERIAL,CALEXICO
94605,82,1582,ALAMEDA,OAKLAND
93291,82,1650,TULARE,VISALIA
92126,82,2789,SAN DIEGO,SAN DIEGO
92019,81,2046,SAN DIEGO,EL CAJON
94401,81,2290,SAN MATEO,SAN MATEO
92630,81,3360,ORANGE,LAKE FOREST
93536,81,2071,LOS ANGELES,LANCASTER
93446,80,1768,SAN LUIS OBISPO,PASO ROBLES
92201,80,1794,RIVERSIDE,INDIO
94303,80,4071,SAN MATEO,EAST PALO ALTO
93455,80,1552,SANTA BARBARA,SANTA MARIA
94583,80,3186,CONTRA COSTA,SAN RAMON
94544,80,2454,ALAMEDA,HAYWARD
92804,79,2228,ORANGE,ANAHEIM
95127,78,1714,SANTA CLARA,SAN JOSE
95843,77,1930,SACRAMENTO,ANTELOPE
93635,77,1635,MERCED,LOS BANOS
93277,77,2199,TULARE,VISALIA
92880,77,1788,RIVERSIDE,CORONA
90746,76,1141,LOS ANGELES,CARSON
93247,76,1374,TULARE,LINDSAY
93727,76,1621,FRESNO,FRESNO
94110,75,2886,SAN FRANCISCO,SAN FRANCISCO
94541,74,1902,ALAMEDA,HAYWARD
93274,74,1645,TULARE,TULARE
92336,74,2142,SAN BERNARDINO,FONTANA
91343,73,2243,LOS ANGELES,NORTH HILLS
92129,73,1924,SAN DIEGO,SAN DIEGO
94086,73,2218,SANTA CLARA,SUNNYVALE
91331,71,2555,LOS ANGELES,ARLETA
94523,71,2979,CONTRA COSTA,PLEASANT HILL
93550,70,2570,LOS ANGELES,PALMDALE
94306,70,3348,SANTA CLARA,PALO ALTO
95376,70,2966,SAN JOAQUIN,TRACY
92064,69,3262,SAN DIEGO,POWAY
91744,69,2605,LOS ANGELES,LA PUENTE
92618,68,3917,ORANGE,IRVINE
94122,68,2919,SAN FRANCISCO,SAN FRANCISCO
95129,68,3284,SANTA CLARA,SAN JOSE
95648,68,2403,PLACER,LINCOLN
91205,67,1648,LOS ANGELES,GLENDALE
95670,67,2522,SACRAMENTO,RANCHO CORDOVA
93638,67,1385,MADERA,MADERA
93003,67,3042,VENTURA,VENTURA
94903,67,2277,MARIN,SAN RAFAEL
95123,67,2276,SANTA CLARA,SAN JOSE
91606,67,1891,LOS ANGELES,NORTH HOLLYWOOD
91401,67,2245,LOS ANGELES,VAN NUYS
94116,67,2565,SAN FRANCISCO,SAN FRANCISCO
94558,66,1815,NAPA,NAPA
94550,66,3584,ALAMEDA,LIVERMORE
94509,66,2131,CONTRA COSTA,ANTIOCH
92024,66,3001,SAN DIEGO,ENCINITAS
90011,65,2500,LOS ANGELES,LOS ANGELES
95687,65,1785,SOLANO,VACAVILLE
95991,65,1653,SUTTER,YUBA CITY
95336,65,1821,SAN JOAQUIN,MANTECA
91913,65,2301,SAN DIEGO,CHULA VISTA
95821,65,1679,SACRAMENTO,SACRAMENTO
92584,65,1406,RIVERSIDE,MENIFEE
90815,65,2378,LOS ANGELES,LONG BEACH
95610,65,2415,SACRAMENTO,CITRUS HEIGHTS
95125,64,3308,SANTA CLARA,SAN JOSE
90066,64,2267,LOS ANGELES,LOS ANGELES
95008,64,3588,SANTA CLARA,CAMPBELL
92027,64,1864,SAN DIEGO,ESCONDIDO
94025,64,2560,SAN MATEO,MENLO PARK
92620,63,2929,ORANGE,IRVINE
93313,63,1221,KERN,BAKERSFIELD
90706,63,1703,LOS ANGELES,BELLFLOWER
94806,63,1627,CONTRA COSTA,SAN PABLO
91342,63,1731,LOS ANGELES,LAKE VIEW TERRACE
92376,63,1827,SAN BERNARDINO,RIALTO
91950,63,1737,SAN DIEGO,NATIONAL CITY
90262,63,1680,LOS ANGELES,LYNWOOD
95355,62,1346,STANISLAUS,MODESTO
94546,62,2206,ALAMEDA,CASTRO VALLEY
90018,62,1636,LOS ANGELES,LOS ANGELES
95037,62,2605,SANTA CLARA,MORGAN HILL
92117,62,1556,SAN DIEGO,SAN DIEGO
90230,61,2015,LOS ANGELES,CULVER CITY
92071,61,1599,SAN DIEGO,SANTEE
95993,61,1310,SUTTER,YUBA CITY
95382,61,1809,STANISLAUS,TURLOCK
91710,61,2960,SAN BERNARDINO,CHINO
93036,61,1468,VENTURA,OXNARD
94901,61,1829,MARIN,SAN RAFAEL
92553,60,1450,RIVERSIDE,MORENO VALLEY
91605,60,1311,LOS ANGELES,NORTH HOLLYWOOD
95928,60,1669,BUTTE,CHICO
93309,60,2086,KERN,BAKERSFIELD
90631,60,2251,ORANGE,LA HABRA
92691,60,2457,ORANGE,MISSION VIEJO
95206,60,1437,SAN JOAQUIN,STOCKTON
95828,60,1587,SACRAMENTO,SACRAMENTO
90022,59,1572,LOS ANGELES,LOS ANGELES
93304,59,1549,KERN,BAKERSFIELD
94587,59,1293,ALAMEDA,UNION CITY
92345,59,1726,SAN BERNARDINO,HESPERIA
95350,58,2049,STANISLAUS,MODESTO
90045,58,2221,LOS ANGELES,LOS ANGELES
93203,58,1032,KERN,ARVIN
90745,58,1392,LOS ANGELES,CARSON
96002,58,1377,SHASTA,REDDING
93311,57,2016,KERN,BAKERSFIELD
90221,57,1624,LOS ANGELES,E. RANCHO DOMINGUEZ
94061,57,2031,SAN MATEO,REDWOOD CITY
91001,57,1512,LOS ANGELES,ALTADENA
95207,57,1411,SAN JOAQUIN,STOCKTON
92882,57,1974,RIVERSIDE,CORONA
90016,57,1590,LOS ANGELES,LOS ANGELES
94555,56,1958,ALAMEDA,FREMONT
92084,56,1856,SAN DIEGO,VISTA
96080,56,1011,TEHAMA,RED BLUFF
94121,56,1830,SAN FRANCISCO,SAN FRANCISCO
93422,56,1617,SAN LUIS OBISPO,ATASCADERO
92886,56,3369,ORANGE,YORBA LINDA
92562,56,2842,RIVERSIDE,MURRIETA
92025,56,2342,SAN DIEGO,ESCONDIDO
91405,56,1225,LOS ANGELES,VAN NUYS
93551,56,1118,LOS ANGELES,PALMDALE
94804,56,1606,CONTRA COSTA,RICHMOND
95118,56,2530,SANTA CLARA,SAN JOSE
92127,55,2214,SAN DIEGO,SAN DIEGO
94534,55,1559,SOLANO,FAIRFIELD
90621,55,2157,ORANGE,BUENA PARK
92780,55,2426,ORANGE,TUSTIN
95132,55,1121,SANTA CLARA,SAN JOSE
93065,55,2023,VENTURA,SIMI VALLEY
90034,55,2242,LOS ANGELES,LOS ANGELES
95762,55,2160,EL DORADO,EL DORADO HILLS
93306,55,1708,KERN,BAKERSFIELD
91406,55,1542,LOS ANGELES,VAN NUYS
92563,55,1386,RIVERSIDE,MURRIETA
95122,55,1687,SANTA CLARA,SAN JOSE
92111,54,2796,SAN DIEGO,SAN DIEGO
94404,54,2191,SAN MATEO,FOSTER CITY
95926,54,1971,BUTTE,CHICO
95628,54,1184,SACRAMENTO,FAIR OAKS
95834,54,1609,SACRAMENTO,SACRAMENTO
93030,54,1571,VENTURA,OXNARD
91801,54,2126,LOS ANGELES,ALHAMBRA
92407,54,1327,SAN BERNARDINO,SAN BERNARDINO
94591,54,1022,SOLANO,VALLEJO
94560,54,1574,ALAMEDA,NEWARK
94402,53,1790,SAN MATEO,SAN MATEO
95765,53,2619,PLACER,ROCKLIN
94619,53,1873,ALAMEDA,OAKLAND
95833,53,1590,SACRAMENTO,SACRAMENTO
91709,53,2658,SAN BERNARDINO,CHINO HILLS
91770,53,2135,LOS ANGELES,ROSEMEAD
91306,53,1892,LOS ANGELES,CANOGA PARK
95757,53,1319,SACRAMENTO,ELK GROVE
95391,53,1375,SAN JOAQUIN,MOUNTAIN HOUSE
94531,53,1222,CONTRA COSTA,ANTIOCH
95661,53,2844,PLACER,ROSEVILLE
90620,53,1426,ORANGE,BUENA PARK
94521,53,1955,CONTRA COSTA,CONCORD
91201,53,1215,LOS ANGELES,GLENDALE
92113,52,1352,SAN DIEGO,SAN DIEGO
95963,52,818,GLENN,ORLAND
94134,52,1764,SAN FRANCISCO,SAN FRANCISCO
90019,52,1497,LOS ANGELES,LOS ANGELES
92604,52,2428,ORANGE,IRVINE
91367,52,2884,LOS ANGELES,WOODLAND HILLS
92503,52,1809,RIVERSIDE,RIVERSIDE
92677,52,2995,ORANGE,LAGUNA NIGUEL
95209,52,1193,SAN JOAQUIN,STOCKTON
95337,52,1459,SAN JOAQUIN,MANTECA
95822,52,1838,SACRAMENTO,SACRAMENTO
93010,51,2223,VENTURA,CAMARILLO
95341,51,1488,MERCED,MERCED
90247,51,1239,LOS ANGELES,GARDENA
91350,51,2241,LOS ANGELES,SANTA CLARITA
94118,51,2129,SAN FRANCISCO,SAN FRANCISCO
91107,51,2216,LOS ANGELES,PASADENA
91767,51,1693,LOS ANGELES,POMONA
94124,51,1975,SAN FRANCISCO,SAN FRANCISCO
94044,51,2020,SAN MATEO,PACIFICA
90404,51,1922,LOS ANGELES,SANTA MONICA
95111,51,1048,SANTA CLARA,SAN JOSE
92571,51,1436,RIVERSIDE,PERRIS
91706,50,1510,LOS ANGELES,BALDWIN PARK
90004,50,1629,LOS ANGELES,LOS ANGELES
95961,50,1191,YUBA,ARBOGA
90035,50,1896,LOS ANGELES,LOS ANGELES
94070,50,2743,SAN MATEO,SAN CARLOS
91402,50,1052,LOS ANGELES,PANORAMA CITY
95128,50,2067,SANTA CLARA,SAN JOSE
96003,50,1545,SHASTA,REDDING
95148,49,996,SANTA CLARA,SAN JOSE
93637,49,1334,MADERA,MADERA
92227,49,1103,IMPERIAL,BRAWLEY
92234,49,838,RIVERSIDE,CATHEDRAL CITY
95678,49,2037,PLACER,ROSEVILLE
90249,49,1087,LOS ANGELES,GARDENA
92056,49,1824,SAN DIEGO,OCEANSIDE
91945,49,1492,SAN DIEGO,LEMON GROVE
94928,49,2025,SONOMA,ROHNERT PARK
94582,49,2980,CONTRA COSTA,SAN RAMON
94530,49,1193,CONTRA COSTA,EL CERRITO
94066,49,2489,SAN MATEO,SAN BRUNO
90059,48,1290,LOS ANGELES,LOS ANGELES
94010,48,2544,SAN MATEO,BURLINGAME
92394,48,808,SAN BERNARDINO,VICTORVILLE
90660,48,1288,LOS ANGELES,PICO RIVERA
90630,48,2397,ORANGE,CYPRESS
90008,48,1083,LOS ANGELES,LOS ANGELES
92254,47,843,RIVERSIDE,MECCA
90604,47,1393,LOS ANGELES,WHITTIER
95695,47,1648,YOLO,WOODLAND
92123,47,1906,SAN DIEGO,SAN DIEGO
90806,47,1731,LOS ANGELES,LONG BEACH
95482,47,976,MENDOCINO,UKIAH
91311,47,1738,LOS ANGELES,CHATSWORTH
91730,47,2122,SAN BERNARDINO,RANCHO CUCAMONGA
95662,47,1402,SACRAMENTO,ORANGEVALE
95050,47,1430,SANTA CLARA,SANTA CLARA
94588,46,2782,ALAMEDA,PLEASANTON
90037,46,1137,LOS ANGELES,"LOS ANGELES,"
92040,46,1163,SAN DIEGO,LAKESIDE
95660,46,1062,SACRAMENTO,NORTH HIGHLANDS
92104,46,1142,SAN DIEGO,SAN DIEGO
95616,46,1868,YOLO,DAVIS
95060,46,1409,SANTA CRUZ,SANTA CRUZ
91762,46,1814,SAN BERNARDINO,ONTARIO
95340,46,1171,MERCED,MERCED
95377,46,1036,SAN JOAQUIN,TRACY
92801,46,1184,ORANGE,ANAHEIM
92102,45,1100,SAN DIEGO,SAN DIEGO
90033,45,1570,LOS ANGELES,LOS ANGELES
96150,45,1388,EL DORADO,SOUTH LAKE TAHOE
94526,45,2834,CONTRA COSTA,DANVILLE
92346,45,1729,SAN BERNARDINO,HIGHLAND
93401,45,1494,SAN LUIS OBISPO,SAN LUIS OBISPO
95401,44,1678,SONOMA,SANTA ROSA
92557,44,1026,RIVERSIDE,MORENO VALLEY
95403,44,1499,SONOMA,SANTA ROSA
92805,44,1330,ORANGE,ANAHEIM
90255,44,1253,LOS ANGELES,WALNUT PARK
92688,44,2457,ORANGE,RANCHO STA MARGARITA
91941,44,1639,SAN DIEGO,LA MESA
92879,44,1790,RIVERSIDE,CORONA
95330,44,749,SAN JOAQUIN,LATHROP
95136,44,1400,SANTA CLARA,SAN JOSE
94941,44,1451,MARIN,MILL VALLEY
91766,44,1135,LOS ANGELES,POMONA
94553,44,1630,CONTRA COSTA,MARTINEZ
92374,44,1709,SAN BERNARDINO,REDLANDS
92223,44,903,RIVERSIDE,BEAUMONT
96001,44,1101,SHASTA,REDDING
94577,44,1478,ALAMEDA,SAN LEANDRO
91304,44,1603,LOS ANGELES,CANOGA PARK
91765,44,2087,LOS ANGELES,DIAMOND BAR
91325,43,2090,LOS ANGELES,NORTHRIDGE
91748,43,1563,LOS ANGELES,ROWLAND HEIGHTS
95831,43,1728,SACRAMENTO,SACRAMENTO
93722,43,1293,FRESNO,FRESNO
95062,43,1278,SANTA CRUZ,SANTA CRUZ
94063,43,1219,SAN MATEO,REDWOOD CITY
93312,43,1100,KERN,BAKERSFIELD
95776,43,1215,YOLO,WOODLAND
95307,43,1055,STANISLAUS,CERES
94601,43,1241,ALAMEDA,OAKLAND
90062,43,974,LOS ANGELES,LOS ANGELES
92627,43,2040,ORANGE,COSTA MESA
90280,43,1244,LOS ANGELES,SOUTH GATE
92058,43,1754,SAN DIEGO,OCEANSIDE
93611,42,1471,FRESNO,CLOVIS
93063,42,1911,VENTURA,SIMI VALLEY
95219,42,1310,SAN JOAQUIN,STOCKTON
93720,42,1743,FRESNO,FRESNO
93657,42,922,FRESNO,SANGER
92083,42,1655,SAN DIEGO,VISTA
90731,42,1138,LOS ANGELES,SAN PEDRO
91761,42,1089,SAN BERNARDINO,ONTARIO
90023,41,1355,LOS ANGELES,LOS ANGELES
90201,41,1360,LOS ANGELES,BELL
92139,41,934,SAN DIEGO,SAN DIEGO
94043,41,2411,SANTA CLARA,MOUNTAIN VIEW
91789,41,2780,LOS ANGELES,ROWLAND HEIGHTS
94589,41,748,SOLANO,VALLEJO
94518,41,1092,CONTRA COSTA,CONCORD
90303,41,975,LOS ANGELES,INGLEWOOD
92704,41,1506,ORANGE,SANTA ANA
90640,41,962,LOS ANGELES,MONTEBELLO
95240,41,1148,SAN JOAQUIN,LODI
95945,40,960,NEVADA,GRASS VALLEY
94551,40,1793,ALAMEDA,LIVERMORE
94602,40,1103,ALAMEDA,OAKLAND
91307,40,1471,LOS ANGELES,WEST HILLS
95121,40,1258,SANTA CLARA,SAN JOSE
90505,40,2813,LOS ANGELES,TORRANCE
93552,40,718,LOS ANGELES,PALMDALE
90003,40,1154,LOS ANGELES,LOS ANGELES
92069,40,1167,SAN DIEGO,SAN MARCOS
90302,40,1252,LOS ANGELES,INGLEWOOD
94561,40,884,CONTRA COSTA,OAKLEY
95603,40,1275,NEVADA,AUBURN
94549,39,2023,CONTRA COSTA,LAFAYETTE
90042,39,1043,LOS ANGELES,LOS ANGELES
94115,39,1690,SAN FRANCISCO,SAN FRANCISCO
92335,39,1602,SAN BERNARDINO,FONTANA
92307,39,1065,SAN BERNARDINO,APPLE VALLEY
94590,39,1001,SOLANO,VALLEJO
94566,39,2028,ALAMEDA,PLEASANTON
90064,39,2138,LOS ANGELES,LOS ANGELES
94702,39,943,ALAMEDA,BERKELEY
95117,39,1567,SANTA CLARA,SAN JOSE
94706,39,1207,ALAMEDA,ALBANY
92646,39,1855,ORANGE,HUNTINGTON BEACH
95112,39,1325,SANTA CLARA,SAN JOSE
95677,39,1374,PLACER,ROCKLIN
90405,39,1459,LOS ANGELES,SANTA MONICA
95212,39,742,SAN JOAQUIN,STOCKTON
95404,39,1083,SONOMA,SANTA ROSA
92592,39,2010,RIVERSIDE,TEMECULA
91360,39,1496,VENTURA,THOUSAND OAKS
92054,39,1354,SAN DIEGO,OCEANSIDE
96021,39,724,TEHAMA,CORNING
95842,38,970,SACRAMENTO,SACRAMENTO
90002,38,938,LOS ANGELES,LOS ANGELES
93618,38,720,TULARE,DINUBA
95363,38,892,STANISLAUS,PATTERSON
94608,38,1266,ALAMEDA,OAKLAND
95688,38,1143,SOLANO,VACAVILLE
93648,38,741,FRESNO,PARLIER
94952,38,1450,SONOMA,PETALUMA
92509,38,1359,RIVERSIDE,JURUPA VALLEY
94040,38,2203,SANTA CLARA,MOUNTAIN VIEW
94089,38,961,SANTA CLARA,SUNNYVALE
95301,38,947,MERCED,ATWATER
92705,38,2044,ORANGE,SANTA ANA
96161,38,1099,NEVADA,TRUCKEE
91206,38,996,LOS ANGELES,GLENDALE
91733,38,973,LOS ANGELES,SOUTH EL MONTE
90026,38,1562,LOS ANGELES,LOS ANGELES
91301,38,1867,LOS ANGELES,AGOURA HILLS
92028,38,1457,SAN DIEGO,FALLBROOK
92647,37,2285,ORANGE,HUNTINGTON BEACH
95135,37,1659,SANTA CLARA,SAN JOSE
91702,37,1587,LOS ANGELES,AZUSA
91351,37,1295,LOS ANGELES,CANYON COUNTRY
92626,37,1462,ORANGE,COSTA MESA
95407,37,901,SONOMA,SANTA ROSA
91352,37,807,LOS ANGELES,SUN VALLEY
95827,37,1437,SACRAMENTO,SACRAMENTO
95973,37,836,BUTTE,CHICO
91505,37,1134,LOS ANGELES,BURBANK
92508,37,1614,RIVERSIDE,RIVERSIDE
95501,37,960,HUMBOLDT,EUREKA
95621,37,762,SACRAMENTO,CITRUS HEIGHTS
90305,37,936,LOS ANGELES,INGLEWOOD
90504,37,1344,LOS ANGELES,TORRANCE
93726,37,1058,FRESNO,FRESNO
90046,37,1350,LOS ANGELES,WEST HOLLYWOOD
94510,36,947,SOLANO,BENICIA
95361,36,952,STANISLAUS,OAKDALE
92544,36,1458,RIVERSIDE,HEMET
95966,36,899,BUTTE,OROVILLE
92119,36,1537,SAN DIEGO,SAN DIEGO
94085,36,1263,SANTA CLARA,SUNNYVALE
90301,36,1192,LOS ANGELES,INGLEWOOD
94925,36,1149,MARIN,CORTE MADERA
90717,36,1780,LOS ANGELES,LOMITA
95901,36,839,YUBA,MARYSVILLE
92555,36,1004,RIVERSIDE,MORENO VALLEY
93245,36,803,KINGS,NAS LEMOORE
92173,36,931,SAN DIEGO,SAN YSIDRO
92840,36,1331,ORANGE,GARDEN GROVE
90605,36,991,LOS ANGELES,WHITTIER
91202,36,913,LOS ANGELES,GLENDALE
94954,36,898,SONOMA,PETALUMA
95116,36,1258,SANTA CLARA,SAN JOSE
95054,36,781,SANTA CLARA,SANTA CLARA
93004,36,1316,VENTURA,VENTURA
92404,36,995,SAN BERNARDINO,SAN BERNARDINO
90712,36,943,LOS ANGELES,LAKEWOOD
92078,36,1492,SAN DIEGO,SAN MARCOS
92057,36,1050,SAN DIEGO,OCEANSIDE
92395,36,1335,SAN BERNARDINO,VICTORVILLE
94015,35,1224,SAN MATEO,DALY CITY
91942,35,1137,SAN DIEGO,LA MESA
94024,35,1772,SANTA CLARA,LOS ALTOS
95531,35,636,DEL NORTE,CRESCENT CITY
92530,35,1261,RIVERSIDE,LAKE ELSINORE
92128,35,1123,SAN DIEGO,SAN DIEGO
90808,35,1415,LOS ANGELES,LONG BEACH
92614,35,1619,ORANGE,IRVINE
93654,35,923,FRESNO,REEDLEY
94949,35,1210,MARIN,NOVATO
95825,35,1464,SACRAMENTO,SACRAMENTO
94710,35,1637,ALAMEDA,BERKELEY
94947,34,1642,MARIN,NOVATO
92612,34,1505,ORANGE,IRVINE
92505,34,1475,RIVERSIDE,RIVERSIDE
93662,34,893,FRESNO,SELMA
94062,34,1178,SAN MATEO,REDWOOD CITY
92692,34,1690,ORANGE,MISSION VIEJO
92203,34,773,RIVERSIDE,BERMUDA DUNES
92130,34,1704,SAN DIEGO,SAN DIEGO
95814,34,1470,SACRAMENTO,SACRAMENTO
91203,34,762,LOS ANGELES,GLENDALE
92833,34,1306,ORANGE,FULLERTON
90006,34,1145,LOS ANGELES,LOS ANGELES
92120,34,1671,SAN DIEGO,SAN DIEGO
95965,34,1241,BUTTE,OROVILLE
90266,34,2751,LOS ANGELES,MANHATTAN BEACH
93305,34,901,KERN,BAKERSFIELD
92026,34,1318,SAN DIEGO,ESCONDIDO
92506,34,1701,RIVERSIDE,RIVERSIDE
90606,33,977,LOS ANGELES,WHITTIER
93308,33,1502,KERN,BAKERSFIELD
94520,33,1325,CONTRA COSTA,CONCORD
93117,33,1352,SANTA BARBARA,GOLETA
92596,33,939,RIVERSIDE,WINCHESTER
93292,33,667,TULARE,VISALIA
94611,33,1684,ALAMEDA,OAKLAND
94703,33,1009,ALAMEDA,BERKELEY
92337,33,1119,SAN BERNARDINO,FONTANA
94103,33,1765,SAN FRANCISCO,SAN FRANCISCO
95012,33,594,MONTEREY,CASTROVILLE
91711,33,1583,LOS ANGELES,CLAREMONT
91776,33,1106,LOS ANGELES,SAN GABRIEL
91356,33,1690,LOS ANGELES,SUN VALLEY
90713,32,1172,LOS ANGELES,LAKEWOOD
92606,32,1304,ORANGE,IRVINE
92869,32,1460,ORANGE,ORANGE
93901,32,1007,MONTEREY,SALINAS
95348,32,988,MERCED,MERCED
92131,32,1900,SAN DIEGO,SAN DIEGO
93001,32,1206,VENTURA,VENTURA
91214,32,1300,LOS ANGELES,LA CRESCENTA
92821,32,1108,ORANGE,BREA
92260,32,1300,RIVERSIDE,PALM DESERT
95380,32,890,STANISLAUS,"TURLOCK,"
92806,32,905,ORANGE,ANAHEIM
90222,32,781,LOS ANGELES,COMPTON
92008,32,2213,SAN DIEGO,CARLSBAD
95070,32,2157,SANTA CLARA,SARATOGA
94132,32,1294,SAN FRANCISCO,SAN FRANCISCO
95620,32,1153,SOLANO,DIXON
95632,32,940,SACRAMENTO,GALT
94801,32,913,CONTRA COSTA,RICHMOND
91752,32,825,RIVERSIDE,JURUPA VALLEY
92037,31,2377,SAN DIEGO,LA JOLLA
92591,31,1446,RIVERSIDE,TEMECULA
93420,31,784,SAN LUIS OBISPO,ARROYO GRANDE
93444,31,746,SAN LUIS OBISPO,NIPOMO
95472,31,720,SONOMA,SEBASTOPOL
90503,31,1767,LOS ANGELES,TORRANCE
95503,31,663,HUMBOLDT,EUREKA
92065,31,1274,SAN DIEGO,RAMONA
95370,31,1051,TUOLUMNE,SONORA
91790,31,1590,LOS ANGELES,WEST COVINA
92545,31,602,RIVERSIDE,HEMET
91320,31,1892,VENTURA,THOUSAND OAKS
95826,31,826,SACRAMENTO,SACRAMENTO
90036,31,1020,LOS ANGELES,LOS ANGELES
93706,31,1089,FRESNO,FRESNO
94598,31,2379,CONTRA COSTA,WALNUT CREEK
90807,31,1349,LOS ANGELES,LONG BEACH
91607,31,2293,LOS ANGELES,VALLEY VILLAGE
94803,31,798,CONTRA COSTA,EL SOBRANTE
92122,31,1225,SAN DIEGO,SAN DIEGO
94545,31,997,ALAMEDA,HAYWARD
94585,31,524,SOLANO,SUISUN CITY
91773,30,1301,LOS ANGELES,SAN DIMAS
95864,30,1123,SACRAMENTO,SACRAMENTO
94030,30,1115,SAN MATEO,MILLBRAE
92109,30,1109,SAN DIEGO,SAN DIEGO
91731,30,1194,LOS ANGELES,EL MONTE
91355,30,2347,LOS ANGELES,VALENCIA
92683,30,1573,ORANGE,WESTMINISTER
94621,30,815,ALAMEDA,OAKLAND
90810,30,838,LOS ANGELES,LONG BEACH
90813,30,1209,LOS ANGELES,LONG BEACH
94603,30,604,ALAMEDA,OAKLAND
92251,30,616,IMPERIAL,IMPERIAL
91104,30,1000,LOS ANGELES,PASADENA
92373,30,1947,SAN BERNARDINO,REDLANDS
95820,30,765,SACRAMENTO,SACRAMENTO
95204,30,1015,SAN JOAQUIN,STOCKTON
93710,30,1316,FRESNO,FRESNO
93705,30,1240,FRESNO,FRESNO
92504,30,1124,RIVERSIDE,RIVERSIDE
95829,30,1383,SACRAMENTO,SACRAMENTO
95815,30,916,SACRAMENTO,SACRAMENTO
95120,30,1236,SANTA CLARA,SAN JOSE
95422,29,526,LAKE,CLEARLAKE
91732,29,798,LOS ANGELES,EL MONTE
91321,29,1409,LOS ANGELES,NEWHALL
90007,29,1563,LOS ANGELES,LOS ANGELES
95210,29,1203,SAN JOAQUIN,STOCKTON
92701,29,977,ORANGE,SANTA ANA
96097,29,573,SISKIYOU,YREKA
90638,29,892,LOS ANGELES,LA MIRADA
92841,29,1091,ORANGE,GARDEN GROVE
92583,29,789,RIVERSIDE,SAN JACINTO
91103,29,1075,LOS ANGELES,PASADENA
95066,29,1210,SANTA CRUZ,SCOTTS VALLEY
90278,29,1291,LOS ANGELES,REDONDO BEACH
94102,29,1222,SAN FRANCISCO,SAN FRANCISCO
90291,29,1227,LOS ANGELES,VENICE
94002,29,1604,SAN MATEO,BELMONT
93612,29,1298,FRESNO,CLOVIS
90039,29,1352,LOS ANGELES,LOS ANGELES
91786,28,1682,SAN BERNARDINO,UPLAND
91316,28,903,LOS ANGELES,ENCINO
94014,28,1081,SAN MATEO,DALY CITY
91040,28,527,LOS ANGELES,SUNLAND
92656,28,1531,ORANGE,ALISO VIEJO
95492,28,978,SONOMA,WINDSOR
91745,28,1185,LOS ANGELES,HACIENDA HEIGHTS
91601,28,1045,LOS ANGELES,NORTH HOLLYWOOD
91007,28,1486,LOS ANGELES,ARCADIA
91340,28,1200,LOS ANGELES,SAN FERNANDO
95032,28,1866,SANTA CLARA,LOS GATOS
93955,28,1130,MONTEREY,SEASIDE
92324,28,842,SAN BERNARDINO,COLTON
90061,28,713,LOS ANGELES,LOS ANGELES
95351,28,877,STANISLAUS,MODESTO
90501,28,728,LOS ANGELES,TORRANCE
93960,27,454,MONTEREY,SOLEDAD
95205,27,758,SAN JOAQUIN,STOCKTON
91324,27,893,LOS ANGELES,NORTHRIDGE
93405,27,789,SAN LUIS OBISPO,SAN LUIS OBISPO
94606,27,1044,ALAMEDA,OAKLAND
90242,27,895,LOS ANGELES,DOWNEY
94607,27,1131,ALAMEDA,OAKLAND
94580,27,687,ALAMEDA,SAN LORENZO
93280,27,568,KERN,WASCO
94107,27,1140,SAN FRANCISCO,SAN FRANCISCO
90001,27,895,LOS ANGELES,LOS ANGELES
92240,27,853,RIVERSIDE,DESERT HOT SPRINGS
92220,27,733,RIVERSIDE,BANNING
92708,27,1752,ORANGE,FOUNTAIN VALLEY
90025,27,1352,LOS ANGELES,LOS ANGELES
92399,27,745,SAN BERNARDINO,YUCAIPA
92707,27,804,ORANGE,SANTA ANA
92124,27,1114,SAN DIEGO,SAN DIEGO
91303,26,596,LOS ANGELES,CANOGA PARK
90027,26,1073,LOS ANGELES,LOS ANGELES
94547,26,671,CONTRA COSTA,HERCULES
93035,26,390,VENTURA,OXNARD
94610,26,1187,ALAMEDA,OAKLAND
95131,26,820,SANTA CLARA,SAN JOSE
93060,26,628,VENTURA,SANTA PAULA
90601,26,1266,LOS ANGELES,WHITTIER
95356,26,883,STANISLAUS,MODESTO
91384,26,1083,LOS ANGELES,CASTAIC
90260,26,697,LOS ANGELES,LAWNDALE
94114,26,788,SAN FRANCISCO,SAN FRANCISCO
91204,26,727,LOS ANGELES,GLENDALE
95476,26,837,SONOMA,SONOMA
90041,26,1093,LOS ANGELES,LOS ANGELES
91768,26,1024,LOS ANGELES,POMONA
92405,26,925,SAN BERNARDINO,SAN BERNARDINO
94519,26,1050,CONTRA COSTA,CONCORD
90038,26,1117,LOS ANGELES,LOS ANGELES
90703,26,1058,LOS ANGELES,CERRITOS
92706,25,965,ORANGE,SANTA ANA
96007,25,550,SHASTA,ANDERSON
95682,25,605,EL DORADO,SHINGLE SPRINGS
91746,25,993,LOS ANGELES,LA PUENTE
93111,25,1004,SANTA BARBARA,SANTA BARBARA
90012,25,936,LOS ANGELES,LOS ANGELES
94127,25,1430,SAN FRANCISCO,SAN FRANCISCO
94131,25,895,SAN FRANCISCO,SAN FRANCISCO
93301,25,801,KERN,BAKERSFIELD
91901,25,635,SAN DIEGO,ALPINE
92301,25,476,SAN BERNARDINO,ADELANTO
94596,25,1329,CONTRA COSTA,WALNUT CREEK
93514,25,532,INYO,BISHOP
94618,25,1196,ALAMEDA,OAKLAND
93101,25,679,SANTA BARBARA,SANTA BARBARA
95824,25,751,SACRAMENTO,SACRAMENTO
92860,25,955,RIVERSIDE,NORCO
92881,25,1132,RIVERSIDE,CORONA
92081,25,1294,SAN DIEGO,VISTA
92883,25,470,RIVERSIDE,CORONA
92103,25,1214,SAN DIEGO,SAN DIEGO
92107,25,1189,SAN DIEGO,SAN DIEGO
91011,25,1635,LOS ANGELES,LA CANADA
93630,25,542,FRESNO,KERMAN
95605,25,677,YOLO,WEST SACRAMENTO
95746,25,1532,PLACER,GRANITE BAY
92110,25,1139,SAN DIEGO,SAN DIEGO
92308,24,549,SAN BERNARDINO,APPLE VALLEY
92009,24,1275,SAN DIEGO,CARLSBAD
90063,24,601,LOS ANGELES,LOS ANGELES
92532,24,488,RIVERSIDE,LAKE ELSINORE
91364,24,1132,LOS ANGELES,WOODLAND HILLS
92653,24,773,ORANGE,LAGUNA HILLS
95126,24,802,SANTA CLARA,SAN JOSE
90744,24,1073,LOS ANGELES,WILMINGTON
95841,24,447,SACRAMENTO,SACRAMENTO
92694,24,2143,ORANGE,LADERA RANCH
93561,24,621,KERN,TEHACHAPI
94065,24,1040,SAN MATEO,REDWOOD CITY
93619,24,681,FRESNO,CLOVIS
90710,24,733,LOS ANGELES,HARBOR CITY
93907,24,474,MONTEREY,SALINAS
95521,24,702,HUMBOLDT,ARCATA
90241,24,1102,LOS ANGELES,DOWNEY
91016,24,917,LOS ANGELES,MONROVIA
95540,24,469,HUMBOLDT,FORTUNA
93110,24,898,SANTA BARBARA,GOLETA
90005,24,760,LOS ANGELES,LOS ANGELES
95405,24,1143,SONOMA,SANTA ROSA
93023,24,811,VENTURA,OJAI
94609,23,790,ALAMEDA,OAKLAND
94301,23,1002,SANTA CLARA,PALO ALTO
92675,23,1417,ORANGE,SAN JUAN CAPISTRANO
95667,23,737,EL DORADO,PLACERVILLE
94117,23,1986,SAN FRANCISCO,SAN FRANCISCO
93204,23,518,KINGS,AVENAL
90032,23,726,LOS ANGELES,LOS ANGELES
96130,23,635,LASSEN,SUSANVILLE
91803,23,701,LOS ANGELES,ALHAMBRA
91722,23,648,LOS ANGELES,COVINA
95932,23,401,COLUSA,COLUSA
95110,23,605,SANTA CLARA,SAN JOSE
91423,23,966,LOS ANGELES,SHERMAN OAKS
91780,23,1007,LOS ANGELES,TEMPLE CITY
95838,23,915,SACRAMENTO,SACRAMENTO
93555,23,1002,KERN,RIDGECREST
91403,23,635,LOS ANGELES,SHERMAN OAKS
92595,23,644,RIVERSIDE,WILDOMAR
91504,23,809,LOS ANGELES,BURBANK
95019,23,462,SANTA CRUZ,FREEDOM
90049,23,1153,LOS ANGELES,LOS ANGELES
91506,23,797,LOS ANGELES,BURBANK
90277,23,1504,LOS ANGELES,REDONDO BEACH
92870,23,889,ORANGE,PLACENTIA
91724,23,685,LOS ANGELES,COVINA
93015,23,676,VENTURA,FILLMORE
94133,23,785,SAN FRANCISCO,SAN FRANCISCO
92582,22,332,RIVERSIDE,SAN JACINTO
90028,22,1117,LOS ANGELES,LOS ANGELES
90031,22,863,LOS ANGELES,LOS ANGELES
90245,22,1390,LOS ANGELES,EL SEGUNDO
95133,22,512,SANTA CLARA,SAN JOSE
91387,22,967,LOS ANGELES,CANYON COUNTRY
90065,22,716,LOS ANGELES,LOS ANGELES
91914,22,1248,SAN DIEGO,CHULA VISTA
94559,22,670,NAPA,NAPA
91740,22,1047,LOS ANGELES,GLENDORA
91754,22,1003,LOS ANGELES,MONTEREY PARK
92570,22,748,RIVERSIDE,PERRIS
93434,22,485,SANTA BARBARA,GUADALUPE
95987,22,434,COLUSA,WILLIAMS
92807,22,1176,ORANGE,ANAHEIM HILLS
94578,22,888,ALAMEDA,SAN LEANDRO
93702,22,637,FRESNO,FRESNO
92253,22,670,RIVERSIDE,LA QUINTA
90020,22,845,LOS ANGELES,LOS ANGELES
95368,22,446,STANISLAUS,SALIDA
95618,22,1072,YOLO,DAVIS
93927,21,500,MONTEREY,GREENFIELD
93250,21,345,KERN,MCFARLAND
95818,21,991,SACRAMENTO,SACRAMENTO
93041,21,334,VENTURA,PORT HUENEME
95354,21,608,STANISLAUS,MODESTO
92507,21,1112,RIVERSIDE,RIVERSIDE
92602,21,985,ORANGE,IRVINE
92410,21,963,SAN BERNARDINO,SAN BERNARDINO
91326,21,1107,LOS ANGELES,NORTHRIDGE
93105,21,858,SANTA BARBARA,SANTA BARBARA
95453,21,402,LAKE,LAKEPORT
92867,21,725,ORANGE,ORANGE
91362,21,1219,VENTURA,THOUSAND OAKS
95242,21,899,SAN JOAQUIN,LODI
94960,21,796,MARIN,SAN ANSELMO
95959,21,515,NEVADA,NEVADA CITY
92551,21,944,RIVERSIDE,MORENO VALLEY
91750,21,628,LOS ANGELES,LA VERNE
90240,21,566,LOS ANGELES,DOWNEY
93013,21,828,SANTA BARBARA,CARPINTERIA
90720,20,742,ORANGE,ROSSMOOR
90723,20,648,LOS ANGELES,PARAMOUNT
92844,20,937,ORANGE,GARDEN GROVE
90716,20,384,LOS ANGELES,HAWAIIAN GARDENS
92585,20,581,RIVERSIDE,MENIFEE
90732,20,781,LOS ANGELES,SAN PEDRO
92843,20,775,ORANGE,GARDEN GROVE
94597,20,841,CONTRA COSTA,WALNUT CREEK
94158,20,626,SAN FRANCISCO,SAN FRANCISCO
92274,20,392,RIVERSIDE,THERMAL
91915,20,1251,SAN DIEGO,CHULA VISTA
91763,20,625,SAN BERNARDINO,MONTCLAIR
91764,20,651,SAN BERNARDINO,ONTARIO
92831,20,1329,ORANGE,FULLERTON
94506,20,1533,CONTRA COSTA,DANVILLE
94109,20,791,SAN FRANCISCO,SAN FRANCISCO
92703,20,776,ORANGE,SANTA ANA
91042,20,900,LOS ANGELES,TUJUNGA
93263,20,466,KERN,SHAFTER
90275,20,1033,LOS ANGELES,ROLLING HILLS
91030,20,1341,LOS ANGELES,SOUTH PASADENA
92262,20,785,RIVERSIDE,PALM SPRINGS
93704,19,621,FRESNO,FRESNO
95650,19,517,PLACER,LOOMIS
93703,19,469,FRESNO,FRESNO
90232,19,406,LOS ANGELES,CULVER CITY
92865,19,774,ORANGE,ORANGE
92284,19,399,SAN BERNARDINO,YUCCA VALLEY
92672,19,969,ORANGE,SAN CLEMENTE
92782,19,1247,ORANGE,TUSTIN
95816,19,666,SACRAMENTO,SACRAMENTO
95003,19,921,SANTA CRUZ,APTOS
93646,19,644,FRESNO,ORANGE COVE
94707,19,931,ALAMEDA,BERKELEY
94123,19,534,SAN FRANCISCO,SAN FRANCISCO
90029,19,764,LOS ANGELES,LOS ANGELES
91006,19,1142,LOS ANGELES,ARCADIA
95215,19,410,SAN JOAQUIN,STOCKTON
91902,19,974,SAN DIEGO,BONITA
90304,19,936,LOS ANGELES,LENNOX
95119,19,788,SANTA CLARA,SAN JOSE
91739,19,780,SAN BERNARDINO,RANCHO CUCAMONGA
91101,19,1250,LOS ANGELES,PASADENA
93021,19,937,VENTURA,MOORPARK
94612,19,577,ALAMEDA,OAKLAND
91010,19,860,LOS ANGELES,DUARTE
92211,18,967,RIVERSIDE,PALM DESERT
96101,18,341,MODOC,ALTURAS
93721,18,694,FRESNO,FRESNO
96093,18,364,TRINITY,WEAVERVILLE
90272,18,1111,LOS ANGELES,PACIFIC PALISADES
90804,18,401,LOS ANGELES,LONG BEACH
95202,18,1055,SAN JOAQUIN,STOCKTON
92802,18,499,ORANGE,ANAHEIM
92543,18,449,RIVERSIDE,HEMET
92101,18,812,SAN DIEGO,SAN DIEGO
95819,18,1275,SACRAMENTO,SACRAMENTO
94502,18,801,ALAMEDA,ALAMEDA
94574,18,406,NAPA,ST. HELENA
91345,18,442,LOS ANGELES,MISSION HILLS
92116,18,568,SAN DIEGO,SAN DIEGO
94705,17,433,ALAMEDA,BERKELEY
94105,17,612,SAN FRANCISCO,SAN FRANCISCO
92121,17,1304,SAN DIEGO,SAN DIEGO
93940,17,784,MONTEREY,MONTEREY
92377,17,248,SAN BERNARDINO,RIALTO
92106,17,776,SAN DIEGO,SAN DIEGO
94579,17,679,ALAMEDA,SAN LEANDRO
94965,17,781,MARIN,SAUSALITO
93711,17,804,FRESNO,FRESNO
95742,17,493,SACRAMENTO,RANCHO CORDOVA
90270,17,379,LOS ANGELES,MAYWOOD
95451,17,298,LAKE,KELSEYVILLE
95694,17,429,YOLO,WINTERS
93241,17,442,KERN,LAMONT
93631,17,460,FRESNO,KINGSBURG
95203,17,435,SAN JOAQUIN,STOCKTON
92845,17,879,ORANGE,GARDEN GROVE
90274,17,2013,LOS ANGELES,ROLLING HILLS ESTATE
90715,17,360,LOS ANGELES,LAKEWOOD
91791,17,760,LOS ANGELES,WEST COVINA
92660,17,1063,ORANGE,"NEWPORT BEACH,"
92673,17,1246,ORANGE,SAN CLEMENTE
93402,16,399,SAN LUIS OBISPO,LOS OSOS
94556,16,1078,CONTRA COSTA,MORAGA
92225,16,540,RIVERSIDE,BLYTHE
90670,16,576,LOS ANGELES,SANTA FE SPRINGS
91106,16,583,LOS ANGELES,PASADENA
90248,16,629,LOS ANGELES,GARDENA
95971,16,301,PLUMAS,QUINCY
93314,16,330,KERN,BAKERSFIELD
91354,16,403,LOS ANGELES,VALENCIA
91381,16,1157,LOS ANGELES,STEVENSON RANCH
95338,16,325,MARIPOSA,MARIPOSA
90603,16,734,LOS ANGELES,WHITTIER
95130,16,324,SANTA CLARA,SAN JOSE
95134,16,940,SANTA CLARA,SAN JOSE
93103,16,671,SANTA BARBARA,SANTA BARBARA
93465,16,452,SAN LUIS OBISPO,TEMPLETON
95252,16,271,CALAVERAS,VALLEY SPRINGS
92832,16,579,ORANGE,FULLERTON
94595,16,763,CONTRA COSTA,WALNUT CREEK
94931,16,409,SONOMA,COTATI
95437,16,303,MENDOCINO,FORT BRAGG
93930,16,419,MONTEREY,KING CITY
91701,16,889,SAN BERNARDINO,ALTA LOMA
93647,16,292,TULARE,OROSI
94027,16,1223,SAN MATEO,ATHERTON
94564,16,400,CONTRA COSTA,PINOLE
92408,16,889,SAN BERNARDINO,SAN BERNARDINO
90701,15,1140,LOS ANGELES,ARTESIA
94041,15,772,SANTA CLARA,MOUNTAIN VIEW
92411,15,437,SAN BERNARDINO,SAN BERNARDINO
95817,15,801,SACRAMENTO,SACRAMENTO
92118,15,891,SAN DIEGO,CORONADO
92835,15,911,ORANGE,FULLERTON
91932,15,891,SAN DIEGO,IMPERIAL BEACH
93728,15,424,FRESNO,FRESNO
92311,15,349,SAN BERNARDINO,BARSTOW
95334,15,432,MERCED,LIVINGSTON
92011,15,952,SAN DIEGO,CARLSBAD
95409,15,368,SONOMA,SANTA ROSA
94503,15,388,NAPA,AMERICAN CANYON
94563,15,777,CONTRA COSTA,ORINDA
91502,15,639,LOS ANGELES,BURBANK
95073,15,505,SANTA CRUZ,SOQUEL
92501,15,331,RIVERSIDE,RIVERSIDE
92649,15,1226,ORANGE,HUNTINGTON BEACH
95988,14,236,GLENN,WILLOWS
95320,14,340,SAN JOAQUIN,ESCALON
95602,14,237,PLACER,AUBURN
94517,14,594,CONTRA COSTA,CLAYTON
91361,14,1098,VENTURA,WESTLAKE VILLAGE
93933,14,414,MONTEREY,MARINA
91208,14,399,LOS ANGELES,GLENDALE
94507,14,683,CONTRA COSTA,ALAMO
96022,14,294,TEHAMA,COTTONWOOD
91207,14,227,LOS ANGELES,GLENDALE
91105,14,879,LOS ANGELES,PASADENA
94805,14,342,CONTRA COSTA,RICHMOND
95448,14,470,SONOMA,HEALDSBURG
95367,14,269,STANISLAUS,RIVERBANK
94945,13,404,MARIN,NOVATO
95519,13,295,HUMBOLDT,MCKINLEYVILLE
93610,13,289,MADERA,CHOWCHILLA
90265,13,422,LOS ANGELES,MALIBU
91723,13,584,LOS ANGELES,COVINA
94305,13,1320,SANTA CLARA,STANFORD
90403,13,645,LOS ANGELES,SANTA MONICA
92629,13,552,ORANGE,DANA POINT
90502,13,288,LOS ANGELES,TORRANCE
94572,13,358,CONTRA COSTA,RODEO
92316,13,453,SAN BERNARDINO,BLOOMINGTON
94930,13,499,MARIN,FAIRFAX
93445,13,250,SAN LUIS OBISPO,OCEANO
95065,13,602,SANTA CRUZ,SANTA CRUZ
95365,12,335,MERCED,PLANADA
92010,12,757,SAN DIEGO,CARLSBAD
93223,12,280,TULARE,FARMERSVILLE
91784,12,418,SAN BERNARDINO,UPLAND
93210,12,392,FRESNO,COALINGA
95358,12,302,STANISLAUS,MODESTO
92866,12,496,ORANGE,ORANGE
95969,12,304,BUTTE,PARADISE
94019,12,366,SAN MATEO,HALF MOON BAY
91775,12,701,LOS ANGELES,SAN GABRIEL
91737,12,356,SAN BERNARDINO,ALTA LOMA
91501,12,195,LOS ANGELES,BURBANK
90057,12,416,LOS ANGELES,LOS ANGELES
90024,12,1166,LOS ANGELES,LOS ANGELES
92648,12,1035,ORANGE,HUNTINGTON BEACH
90680,12,364,ORANGE,STANTON
93622,12,427,FRESNO,FIREBAUGH
95912,12,240,COLUSA,ARBUCKLE
90048,12,492,LOS ANGELES,LOS ANGELES
95222,12,239,CALAVERAS,ANGELS CAMP
93923,12,542,MONTEREY,CARMEL
91755,12,237,LOS ANGELES,MONTEREY PARK
93908,12,311,MONTEREY,SALINAS
95642,12,229,AMADOR,JACKSON
93560,12,270,KERN,ROSAMOND
90802,11,424,LOS ANGELES,LONG BEACH
94920,11,609,MARIN,BELVEDERE
92082,11,280,SAN DIEGO,VALLEY CENTER
95425,11,207,SONOMA,CLOVERDALE
93701,11,419,FRESNO,FRESNO
93614,11,261,MADERA,COARSEGOLD
91020,11,677,LOS ANGELES,MONTROSE
92603,11,795,ORANGE,IRVINE
90623,11,485,ORANGE,LA PALMA
95722,11,177,PLACER,MEADOW VISTA
90254,11,640,LOS ANGELES,HERMOSA BEACH
95948,11,274,BUTTE,GRIDLEY
92313,11,272,SAN BERNARDINO,GRAND TERRACE
90015,11,390,LOS ANGELES,LOS ANGELES
94129,11,821,SAN FRANCISCO,SAN FRANCISCO
95360,11,230,STANISLAUS,NEWMAN
93221,11,308,TULARE,EXETER
92651,11,612,ORANGE,LAGUNA BEACH
91792,11,519,LOS ANGELES,WEST COVINA
92029,11,286,SAN DIEGO,ESCONDIDO
92344,11,154,SAN BERNARDINO,HESPERIA
93546,11,261,MONO,MAMMOTH LAKES
95366,10,346,SAN JOAQUIN,RIPON
90803,10,562,LOS ANGELES,LONG BEACH
94904,10,285,MARIN,KENTFIELD
96020,10,146,PLUMAS,CHESTER
90401,10,805,LOS ANGELES,SANTA MONICA
94709,10,643,ALAMEDA,BERKELEY
90071,10,496,LOS ANGELES,LOS ANGELES
95304,10,218,SAN JOAQUIN,TRACY
94704,10,409,ALAMEDA,BERKELEY
95673,10,210,SACRAMENTO,RIO LINDA
91302,10,808,LOS ANGELES,CALABASAS
92887,10,502,ORANGE,YORBA LINDA
93636,10,276,MADERA,MADERA
93212,10,278,KINGS,CORCORAN
91436,10,712,LOS ANGELES,ENCINO
91411,10,533,LOS ANGELES,SHERMAN OAKS
94108,10,486,SAN FRANCISCO,SAN FRANCISCO
91604,10,848,LOS ANGELES,STUDIO CITY
92007,10,398,SAN DIEGO,CARDIFF BY THE SEA
92108,10,621,SAN DIEGO,SAN DIEGO
92314,10,270,SAN BERNARDINO,BIG BEAR CITY
95683,9,266,SACRAMENTO,RANCHO MURIETA
92590,9,367,RIVERSIDE,TEMECULA
92277,9,277,SAN BERNARDINO,TWENTYNINE PALMS
95949,9,180,NEVADA,GRASS VALLEY
93433,9,255,SAN LUIS OBISPO,GROVER BEACH
92868,9,297,ORANGE,ORANGE
92320,9,391,RIVERSIDE,CALIMESA
92679,9,367,ORANGE,TRABUCO CANYON
95627,9,166,YOLO,ESPARTO
93012,9,274,VENTURA,CAMARILLO
93950,9,234,MONTEREY,PACIFIC GROVE
92610,9,384,ORANGE,FOOTHILL RANCH
92663,9,588,ORANGE,NEWPORT BEACH
93219,9,316,TULARE,EARLIMART
95357,9,151,STANISLAUS,MODESTO
93286,9,209,TULARE,WOODLAKE
90017,9,807,LOS ANGELES,LOS ANGELES
91741,9,693,LOS ANGELES,GLENDORA
92276,9,269,RIVERSIDE,THOUSAND PALMS
91978,9,223,SAN DIEGO,SPRING VALLEY
90814,9,313,LOS ANGELES,LONG BEACH
92808,9,633,ORANGE,ANAHEIM
96094,9,194,SISKIYOU,WEED
95138,9,277,SANTA CLARA,SAN JOSE
92624,9,406,ORANGE,CAPISTRANO BEACH
92617,9,553,ORANGE,IRVINE
95139,8,333,SANTA CLARA,SAN JOSE
93640,8,217,FRESNO,MENDOTA
90056,8,224,LOS ANGELES,LOS ANGELES
94951,8,172,SONOMA,PENNGROVE
90212,8,497,LOS ANGELES,BEVERLY HILLS
93644,8,230,MADERA,OAKHURST
93730,8,274,FRESNO,FRESNO
93725,8,262,FRESNO,FRESNO
93723,8,358,FRESNO,FRESNO
95953,8,250,SUTTER,LIVE OAK
93239,8,122,KINGS,KETTLEMAN CITY
92075,8,615,SAN DIEGO,SOLANA BEACH
94720,8,238,ALAMEDA,BERKELEY
92354,8,266,SAN BERNARDINO,LOMA LINDA
93268,8,387,KERN,TAFT
93267,8,129,TULARE,STRATHMORE
92371,8,203,SAN BERNARDINO,PHELAN
95485,8,116,LAKE,UPPER LAKE
93109,8,273,SANTA BARBARA,SANTA BARBARA
94542,8,163,ALAMEDA,HAYWARD
95386,8,157,STANISLAUS,WATERFORD
93505,8,138,KERN,CALIFORNIA CITY
95832,8,209,SACRAMENTO,SACRAMENTO
90292,8,343,LOS ANGELES,MARINA DEL REY
92625,8,299,ORANGE,CORONA DEL MAR
93650,8,310,FRESNO,PINEDALE
92249,8,144,IMPERIAL,HEBER
91024,8,397,LOS ANGELES,SIERRA MADRE
95388,8,142,MERCED,WINTON
94708,8,382,ALAMEDA,BERKELEY
90095,7,305,LOS ANGELES,LOS ANGELES
95231,7,242,SAN JOAQUIN,FRENCH CAMP
92586,7,248,RIVERSIDE,SUN CITY
95018,7,125,SANTA CRUZ,FELTON
95446,7,114,SONOMA,GUERNEVILLE
95249,7,151,CALAVERAS,SAN ANDREAS
95033,7,184,SANTA CLARA,LOS GATOS
94304,7,384,SANTA CLARA,PALO ALTO
95490,7,202,MENDOCINO,WILLITS
92264,7,252,RIVERSIDE,PALM SPRINGS
94022,7,274,SANTA CLARA,LOS ALTOS HILLS
95951,7,148,GLENN,HAMILTON CITY
94111,7,284,SAN FRANCISCO,SAN FRANCISCO
90602,7,155,LOS ANGELES,WHITTIER
90755,7,251,LOS ANGELES,SIGNAL HILL
96067,7,192,SISKIYOU,MT. SHASTA
93926,7,150,MONTEREY,GONZALES
92014,7,272,SAN DIEGO,DEL MAR
95640,7,112,AMADOR,IONE
96019,7,130,SHASTA,SHASTA LAKE CITY
93510,6,118,LOS ANGELES,ACTON
93108,6,321,SANTA BARBARA,SANTA BARBARA
93625,6,251,FRESNO,FOWLER
93460,6,157,SANTA BARBARA,SANTA YNEZ
95665,6,105,AMADOR,PINE GROVE
93463,6,258,SANTA BARBARA,SOLVANG
95663,6,146,PLACER,PENRYN
93543,6,134,LOS ANGELES,LITTLEROCK
93442,6,264,SAN LUIS OBISPO,MORRO BAY
90013,6,244,LOS ANGELES,LOS ANGELES
95046,6,138,SANTA CLARA,SAN MARTIN
90740,6,136,ORANGE,SEAL BEACH
94552,6,402,ALAMEDA,CASTRO VALLEY
90069,6,204,LOS ANGELES,LOS ANGELES
93234,6,120,FRESNO,HURON
92230,6,197,RIVERSIDE,CABAZON
96122,6,147,PLUMAS,PORTOLA
94505,6,164,CONTRA COSTA,DISCOVERY BAY
92250,6,116,IMPERIAL,HOLTVILLE
96073,6,109,SHASTA,PALO CEDRO
90290,6,236,LOS ANGELES,CALABASAS
95666,6,221,AMADOR,PIONEER
95333,6,97,MERCED,LE GRAND
95726,6,129,EL DORADO,POLLOCK PINES
95461,6,181,LAKE,MIDDLETOWN
95467,6,84,LAKE,HIDDEN VALLEY
93740,6,204,FRESNO,FRESNO
95006,6,164,SANTA CRUZ,BOULDER CREEK
95982,6,92,SUTTER,SUTTER
92587,6,227,RIVERSIDE,CANYON LAKE
90210,6,285,LOS ANGELES,BEVERLY HILLS
93737,6,116,FRESNO,FRESNO
90211,6,384,LOS ANGELES,BEVERLY HILLS
95315,6,172,MERCED,DELHI
95811,5,314,SACRAMENTO,SACRAMENTO
95247,5,119,CALAVERAS,MURPHYS
93258,5,70,TULARE,POPLAR
93270,5,70,TULARE,TERRA BELLA
95223,5,66,ALPINE,ALPINE
92067,5,342,SAN DIEGO,RANCHO SANTA FE
92391,5,136,SAN BERNARDINO,TWIN PEAKS
93427,5,138,SANTA BARBARA,BUELLTON
93449,5,145,SAN LUIS OBISPO,PISMO BEACH
95326,5,80,STANISLAUS,HUGHSON
93441,5,112,SANTA BARBARA,LOS OLIVOS
95236,5,119,SAN JOAQUIN,LINDEN
95536,5,116,HUMBOLDT,FERNDALE
93240,5,119,KERN,LAKE ISABELLA
90077,5,468,LOS ANGELES,LOS ANGELES
94028,5,244,SAN MATEO,PORTOLA VALLEY
91377,5,154,VENTURA,OAK PARK
92281,5,100,IMPERIAL,WESTMORLAND
95631,5,80,PLACER,FORESTHILL
94508,5,83,NAPA,ANGWIN
95005,5,138,SANTA CRUZ,BEN LOMOND
95614,5,90,EL DORADO,COOL
94515,5,146,NAPA,CALISTOGA
93106,5,241,SANTA BARBARA,SANTA BARBARA
96134,5,133,MODOC,TULELAKE
91935,5,223,SAN DIEGO,JAMUL
92004,5,101,SAN DIEGO,BORREGO SPRINGS
90094,5,360,LOS ANGELES,LOS ANGELES
95619,5,122,EL DORADO,DIAMOND SPRINGS
91390,5,70,LOS ANGELES,SANTA CLARITA
95713,4,56,PLACER,COLFAX
95468,4,80,MENDOCINO,POINT ARENA
95324,4,177,MERCED,HILMAR
94018,4,152,SAN MATEO,EL GRANADA
95321,4,85,SAN JOAQUIN,FRENCH CAMP
95692,4,244,YUBA,WHEATLAND
96064,4,79,SISKIYOU,MONTAGUE
92233,4,74,IMPERIAL,CALIPATRIA
92359,4,76,SAN BERNARDINO,MENTONE
90067,4,52,LOS ANGELES,LOS ANGELES
95685,4,72,AMADOR,SUTTER CREEK
96143,4,86,PLACER,KINGS BEACH
96145,4,139,PLACER,TAHOE CITY
93256,4,67,TULARE,PIXLEY
92637,4,198,ORANGE,LAGUNA HILLS
95669,4,76,AMADOR,PLYMOUTH
91108,4,320,LOS ANGELES,SAN MARINO
93235,4,102,TULARE,IVANHOE
95462,4,61,SONOMA,MONTE RIO
96013,4,103,SHASTA,BURNEY
94939,4,192,MARIN,LARKSPUR
95954,4,84,BUTTE,MAGALIA
95560,4,88,HUMBOLDT,BRICELAND
93545,4,74,INYO,LONE PINE
95658,4,102,PLACER,NEWCASTLE
92397,4,78,SAN BERNARDINO,WRIGHTWOOD
93451,4,62,SAN LUIS OBISPO,SAN MIGUEL
90402,4,110,LOS ANGELES,SANTA MONICA
90040,4,235,LOS ANGELES,COMMERCE
95655,4,132,SACRAMENTO,MATHER
92342,4,79,SAN BERNARDINO,HELENDALE
95947,4,62,PLUMAS,GREENVILLE
93202,4,110,KINGS,ARMONA
92676,4,162,ORANGE,SILVERADO
95436,4,74,SONOMA,FORESTVILLE
95064,4,248,SANTA CRUZ,SANTA CRUZ
95457,4,56,LAKE,LOWER LAKE
94957,4,94,MARIN,ROSS
90293,4,162,LOS ANGELES,PLAYA DEL REY
90021,4,674,LOS ANGELES,LOS ANGELES
95626,4,75,SACRAMENTO,ELVERTA
95968,4,90,BUTTE,PALERMO
95004,4,116,MONTEREY,AROMAS
92567,4,291,RIVERSIDE,NUEVO
93428,4,113,SAN LUIS OBISPO,CAMBRIA
95573,3,48,HUMBOLDT,WILLOW CREEK
94571,3,82,SOLANO,RIO VISTA
95444,3,64,SONOMA,GRATON
95387,3,116,STANISLAUS,WESTLEY
92834,3,197,ORANGE,FULLERTON
95634,3,48,EL DORADO,GEORGETOWN
93225,3,56,KERN,FRAZIER PARK
95458,3,58,LAKE,LUCERNE
93022,3,46,VENTURA,OAK VIEW
92386,3,115,SAN BERNARDINO,SUGAR LOAF/BIG BEAR
95030,3,171,SANTA CLARA,LOS GATOS
95917,3,43,BUTTE,BIGGS
95929,3,70,BUTTE,CHICO
96027,3,52,SISKIYOU,ETNA
94613,3,107,ALAMEDA,OAKLAND
94104,3,36,SAN FRANCISCO,SAN FRANCISCO
93615,3,162,TULARE,CUTLER
93624,3,85,FRESNO,FIVE POINTS
90704,3,90,LOS ANGELES,AVALON
93660,3,95,FRESNO,SAN JOAQUIN
95372,3,138,TUOLUMNE,SOULSBYVILLE
95010,3,88,SANTA CRUZ,CAPITOLA
95002,3,92,SANTA CLARA,ALVISO
92273,3,55,IMPERIAL,SEELEY
94963,3,102,MARIN,SAN GERONIMO
91602,3,42,LOS ANGELES,NORTH HOLLYWOOD
93925,3,105,MONTEREY,GONZALES
93962,3,56,MONTEREY,SPRECKELS
92256,3,79,SAN BERNARDINO,MORONGO VALLEY
96104,3,41,MODOC,CEDARVILLE
92241,3,68,RIVERSIDE,DESERT HOT SPRINGS
92352,3,50,SAN BERNARDINO,LAKE ARROWHEAD
95322,3,90,MERCED,GUSTINE
92655,3,86,ORANGE,MIDWAY CITY
90068,3,54,LOS ANGELES,LOS ANGELES
93261,3,239,TULARE,RICHGROVE
92628,3,186,ORANGE,COSTA MESA
95703,3,42,PLACER,APPLEGATE
93407,3,162,SAN LUIS OBISPO,SAN LUIS OBISPO
95709,3,52,EL DORADO,CAMINO
96114,3,96,LASSEN,JANESVILLE
95327,3,46,TUOLUMNE,JAMESTOWN
95228,3,57,CALAVERAS,COPPEROPOLIS
92549,3,54,RIVERSIDE,IDYLLWILD
96118,3,84,SIERRA,LOYALTON
92252,3,58,SAN BERNARDINO,JOSHUA TREE
96039,2,29,SISKIYOU,HAPPY CAMP
95562,2,38,HUMBOLDT,RIO DELL
96052,2,34,TRINITY,LEWISTON
95615,2,77,SACRAMENTO,COURTLAND
96056,2,35,SHASTA,MCARTHUR
92210,2,123,RIVERSIDE,INDIAN WELLS
96148,2,44,PLACER,TAHOE VISTA
96035,2,38,TEHAMA,GERBER
96032,2,38,SISKIYOU,FORT JONES
92847,2,49,ORANGE,HUNTINGTON BEACH
96028,2,45,SHASTA,FALL RIVER MILLS
96120,2,50,ALPINE,MARKLEEVILLE
95672,2,45,EL DORADO,RESCUE
96009,2,48,LASSEN,BIEBER
95918,2,28,YUBA,BROWNS VALLEY
92661,2,119,ORANGE,NEWPORT BEACH
90058,2,138,LOS ANGELES,LOS ANGELES
92539,2,34,RIVERSIDE,ANZA
92382,2,68,SAN BERNARDINO,RUNNING SPRINGS
92378,2,36,SAN BERNARDINO,RIMFOREST
92372,2,38,SAN BERNARDINO,PINON HILLS
90089,2,209,LOS ANGELES,LOS ANGELES
95653,2,100,YOLO,MADISON
90010,2,245,LOS ANGELES,LOS ANGELES
95938,2,41,BUTTE,DURHAM
92325,2,48,SAN BERNARDINO,CRESTLINE
95946,2,28,NEVADA,PENN VALLEY
95638,2,260,SACRAMENTO,HERALD
92315,2,54,SAN BERNARDINO,BIG BEAR LAKE
92275,2,52,IMPERIAL,SALTON CITY
92270,2,193,RIVERSIDE,RANCHO MIRAGE
93040,2,38,VENTURA,PIRU
92182,2,200,SAN DIEGO,SAN DIEGO
93066,2,86,VENTURA,SOMIS
93656,2,71,FRESNO,RIVERDALE
93453,2,50,SAN LUIS OBISPO,SANTA MARGARITA
95053,2,65,SANTA CLARA,SANTA CLARA
95045,2,38,SAN BENITO,SAN JUAN BAUTISTA
94038,2,26,SAN MATEO,MOSS BEACH
93440,2,50,SANTA BARBARA,LOS ALAMOS
94037,2,82,SAN MATEO,MONTARA
95415,2,113,MENDOCINO,BOONVILLE
95412,2,28,SONOMA,ANNAPOLIS
93652,2,40,FRESNO,RAISIN CITY
94035,2,127,SANTA CLARA,MOFFETT FIELD
91522,2,138,LOS ANGELES,BURBANK
95379,2,69,TUOLUMNE,TUOLUMNE
93437,2,96,SANTA BARBARA,VANDENBERG AFB
95445,2,30,MENDOCINO,GUALALA
91608,2,218,LOS ANGELES,UNIVERSAL CITY
95306,2,30,MARIPOSA,CATHEYS VALLEY
93249,2,120,KERN,LOST HILLS
93254,2,36,SANTA BARBARA,CUYAMA
95310,2,95,TUOLUMNE,COLUMBIA
93266,2,38,KINGS,STRATFORD
94971,2,48,MARIN,TOMALES
93272,2,29,TULARE,TIPTON
95343,2,87,MERCED,MERCED
94005,2,38,SAN MATEO,BRISBANE
94956,2,49,MARIN,PT. REYES STATION
93285,2,44,KERN,WOFFORD HEIGHTS
93501,2,34,KERN,MOJAVE
95328,2,34,STANISLAUS,KEYES
95460,2,116,MENDOCINO,MENDOCINO
90895,2,74,LOS ANGELES,CARSON
90831,2,93,LOS ANGELES,LONG BEACH
93532,2,28,LOS ANGELES,LAKE ELIZABETH
91962,2,56,SAN DIEGO,PINE VALLEY
95470,2,64,MENDOCINO,REDWOOD VALLEY
95469,2,53,MENDOCINO,POTTER VALLEY
95466,2,28,MENDOCINO,PHILO
93609,2,113,FRESNO,CARUTHERS
91125,2,128,LOS ANGELES,PASADENA
94525,2,54,CONTRA COSTA,CROCKETT
95454,2,74,MENDOCINO,LAYTONVILLE
94143,2,123,SAN FRANCISCO,SAN FRANCISCO
94130,2,81,SAN FRANCISCO,SAN FRANCISCO
94970,1,20,MARIN,STINSON BEACH
93591,1,24,LOS ANGELES,PALMDALE
92329,1,48,SAN BERNARDINO,PHELAN
92326,1,84,SAN BERNARDINO,CREST PARK
90632,1,24,ORANGE,CYPRESS
94973,1,14,MARIN,WOODACRE
95925,1,24,YUBA,CHALLENGE
93920,1,20,MONTEREY,BIG SUR
95017,1,24,SANTA CRUZ,DAVENPORT
93924,1,15,MONTEREY,CARMEL VALLEY
95934,1,14,PLUMAS,CRESCENT MILLS
95935,1,26,YUBA,DOBBINS
93621,1,24,FRESNO,DUNLAP
93605,1,15,FRESNO,BIG CREEK
93602,1,24,FRESNO,AUBERRY
95975,1,14,NEVADA,ROUGH & READY
93665,1,42,MERCED,DOS PALOS
93643,1,20,MADERA,NORTH FORK
92283,1,32,IMPERIAL,WINTERHAVEN
93608,1,21,FRESNO,CANTUA CREEK
93616,1,30,FRESNO,DEL REY
92309,1,40,SAN BERNARDINO,BAKER
92310,1,192,SAN BERNARDINO,FT. IRWIN
95041,1,60,SANTA CRUZ,MOUNT HERMON
90742,1,36,ORANGE,SUNSET BEACH
91708,1,14,SAN BERNARDINO,CHINO
95955,1,22,COLUSA,MAXWELL
93620,1,67,MERCED,DOS PALOS
92861,1,14,ORANGE,VILLA PARK
96025,1,20,SISKIYOU,DUNSMUIR
96008,1,44,SHASTA,BELLA VISTA
94937,1,18,MARIN,INVERNESS
96084,1,15,SHASTA,ROUND MOUNTAIN
96087,1,48,SHASTA,SHASTA
96088,1,30,SHASTA,SHINGLETOWN
96090,1,44,TEHAMA,TEHAMA
91371,1,120,LOS ANGELES,WOODLAND HILLS
91370,1,14,SAN BERNARDINO,RANCHO CUCAMONGA
94511,1,14,CONTRA COSTA,BETHEL ISLAND
96107,1,16,MONO,COLEVILLE
94514,1,30,CONTRA COSTA,BYRON
96117,1,14,LASSEN,LITCHFIELD
94599,1,30,NAPA,YOUNTVILLE
94592,1,14,SOLANO,VALLEJO
96137,1,24,LASSEN,WESTWOOD
96140,1,14,PLACER,CARNELIAN BAY
90840,1,45,LOS ANGELES,LONG BEACH
91109,1,66,LOS ANGELES,PASADENA
94586,1,24,ALAMEDA,SUNOL
96151,1,14,EL DORADO,SOUTH LAKE TAHOE
96160,1,14,NEVADA,TRUCKEE
91385,1,30,LOS ANGELES,VAL VERDE
94101,1,80,SAN MATEO,BURLINGAME
96069,1,24,SHASTA,OAK RUN
94915,1,85,MARIN,SAN RAFAEL
93954,1,24,MONTEREY,SAN LUCAS
96017,1,17,SHASTA,CASTELLA
92257,1,21,IMPERIAL,NILAND
94924,1,30,MARIN,BOLINAS
94923,1,15,SONOMA,BODEGA BAY
96023,1,60,SISKIYOU,DORRIS
93562,1,24,SAN BERNARDINO,TRONA
94922,1,14,SONOMA,BODEGA
94020,1,15,SAN MATEO,LA HONDA
94060,1,30,SAN MATEO,PESCADERO
90747,1,65,LOS ANGELES,CARSON
96037,1,14,SISKIYOU,GREENVIEW
96038,1,14,SISKIYOU,GRENADA
96049,1,49,SHASTA,REDDING
96055,1,14,TEHAMA,LOS MOLINOS
96057,1,36,SISKIYOU,MCCLOUD
96062,1,23,SHASTA,MILLVILLE
96065,1,15,SHASTA,MONTGOMERY CREEK
95919,1,12,YUBA,BROWNSVILLE
93516,1,30,KERN,BORON
90608,1,75,LOS ANGELES,WHITTIER
95659,1,36,SUTTER,E. NICOLAUS
95432,1,15,MENDOCINO,ELK
95428,1,30,MENDOCINO,COVELO
95641,1,24,SACRAMENTO,ISLETON
95426,1,14,LAKE,COBB
92662,1,12,ORANGE,NEWPORT BEACH
95652,1,14,SACRAMENTO,MCCLELLAN PARK
95423,1,24,LAKE,CLEARLAKE OAKS
95421,1,16,SONOMA,CAZADERO
95418,1,77,MENDOCINO,CALPELLA
95416,1,20,SONOMA,BOYES HOT SPRINGS
95914,1,12,BUTTE,BANGOR
93201,1,24,TULARE,ALPAUGH
93206,1,24,KERN,BUTTONWILLOW
95385,1,14,STANISLAUS,TURLOCK
95383,1,100,TUOLUMNE,TWAIN HARTE
92657,1,48,ORANGE,NEWPORT COAST
95374,1,20,MERCED,STEVINSON
93242,1,40,FRESNO,LATON
95674,1,30,SUTTER,RIO OSO
95676,1,21,SUTTER,ROBBINS
95435,1,14,LAKE,FINLEY
91905,1,40,SAN DIEGO,BOULEVARD
91906,1,29,SAN DIEGO,CAMPO
95449,1,24,MENDOCINO,HOPLAND
95551,1,14,HUMBOLDT,LOLETA
95556,1,15,HUMBOLDT,ORLEANS
95537,1,14,HUMBOLDT,FIELDS LANDING
95528,1,24,HUMBOLDT,CARLOTTA
95567,1,24,DEL NORTE,SMITH RIVER
95570,1,20,HUMBOLDT,TRINIDAD
95525,1,24,HUMBOLDT,BLUE LAKE
95585,1,16,MENDOCINO,LEGGETT
95524,1,14,HUMBOLDT,BAYSIDE
92842,1,36,ORANGE,GARDEN GROVE
92878,1,14,RIVERSIDE,CORONA
91963,1,23,SAN DIEGO,POTRERO
92003,1,15,SAN DIEGO,BONSALL
95612,1,14,YOLO,CLARKSBURG
95465,1,14,SONOMA,OCCIDENTAL
95464,1,14,LAKE,NICE
95623,1,24,EL DORADO,DIAMOND SPRINGS
91916,1,45,SAN DIEGO,DESCANSO
95452,1,15,SONOMA,KENWOOD
91802,1,56,LOS ANGELES,ALHAMBRA
93265,1,14,TULARE,SPRINGVILLE
95684,1,16,EL DORADO,SOMERSET
92548,1,14,RIVERSIDE,HOMELAND
92518,1,72,RIVERSIDE,MARCH AIR RESERVE BA
93450,1,24,MONTEREY,SAN ARDO
92086,1,24,SAN DIEGO,WARNER SPRINGS
92091,1,12,SAN DIEGO,RANCHO SANTA FE
92401,1,14,SAN BERNARDINO,SAN BERNARDINO
93466,1,14,SAN LUIS OBISPO,PASO ROBLES
95192,1,48,SANTA CLARA,SAN JOSE
93512,1,10,MONO,BENTON
93513,1,23,INYO,BIG PINE
95547,1,12,HUMBOLDT,HYDESVILLE
93517,1,15,MONO,BRIDGEPORT
93527,1,24,KERN,INYOKERN
92368,1,250,SAN BERNARDINO,ORO GRANDE
92365,1,14,SAN BERNARDINO,NEWBERRY SPRINGS
92363,1,61,SAN BERNARDINO,NEEDLES
92356,1,24,SAN BERNARDINO,LUCERNE VALLEY
93541,1,15,MONO,LEE VINING
95903,1,72,YUBA,BEALE AFB
93553,1,22,LOS ANGELES,PEARBLOSSOM
95220,1,14,SAN JOAQUIN,ACAMPO
92561,1,14,RIVERSIDE,MOUNTAIN CENTER
95686,1,24,SAN JOAQUIN,THORNTON
95232,1,24,CALAVERAS,FRENCH CAMP
93271,1,30,TULARE,THREE RIVERS
95690,1,33,SACRAMENTO,WALNUT GROVE
93283,1,32,KERN,WELDON
95693,1,14,SACRAMENTO,WILTON
92052,1,173,SAN DIEGO,ESCONDIDO
93403,1,44,SAN LUIS OBISPO,SAN LUIS OBISPO
95329,1,24,MARIPOSA,LA GRANGE
95712,1,24,PLACER,COLFAX
95323,1,14,STANISLAUS,HICKMAN
93423,1,23,SAN LUIS OBISPO,ATASCADERO
95735,1,22,EL DORADO,TWIN BRIDGES
95319,1,20,STANISLAUS,EMPIRE
92061,1,40,SAN DIEGO,PAUMA VALLEY
95318,1,26,MARIPOSA,EL PORTAL
95316,1,24,STANISLAUS,DENAIR
95255,1,24,CALAVERAS,WEST POINT
93432,1,14,SAN LUIS OBISPO,CRESTON
92070,1,30,SAN DIEGO,SANTA YSABEL
95237,1,14,SAN JOAQUIN,LOCKEFORD
94573,1,30,NAPA,RUTHERFORD
